{
  "anchor_count": 1,
  "anchors": [
    {
      "arc": {
        "cx": 32.413141012980596,
        "cy": 25.799461251910348,
        "large_arc": false,
        "r": 21.660597113083707,
        "sweep": false,
        "theta_end": 0.41551253755826245,
        "theta_start": 2.741907581051959
      },
      "color": "#003366",
      "confidence": 0.979051,
      "export_policy": {
        "cutout_strategy": null,
        "debug_label": "anchor-0000:arc:0.979051",
        "editable": true,
        "mask_eligible": false
      },
      "id": "anchor-0000",
      "kind": "arc",
      "layer": "strokes",
      "metrics": {
        "arc_angular_span": 2.3263950434936964,
        "arc_bow_ratio": 0.3287279343918848,
        "arc_center_x": 32.413141012980596,
        "arc_center_y": 25.799461251910348,
        "arc_fit_residual_error": 0.019044265597415237,
        "arc_large_arc": 0.0,
        "arc_radius": 21.660597113083707,
        "arc_sweep": 0.0,
        "arc_theta_end": 0.41551253755826245,
        "arc_theta_start": 2.741907581051959,
        "semantic_anchor_score": -0.09691146880516952,
        "simple_shape_priority_bonus": 0.25,
        "stroke_width_variance": 0.0
      },
      "node_count": 3,
      "parameter_count": 7,
      "provenance": {
        "fitting": "primitive_fit",
        "source": "primitive_anchor_detection"
      },
      "raster_error": 0.019044265597415237,
      "reserved": {
        "bounds": [
          10.493399522095757,
          32.261856672989225,
          54.19698312625337,
          49.42573504648014
        ],
        "reason": "simple_shape_anchor"
      },
      "source_mask": {
        "bounds": [
          10.493399522095757,
          32.261856672989225,
          54.19698312625337,
          49.42573504648014
        ],
        "bounds_area": 750.122993,
        "id": "mask-0000",
        "source": "reserved_bounds"
      },
      "stroke": {
        "cap_style": "round",
        "centerline": [
          {
            "x": 12.459754470906844,
            "y": 34.22821162180031
          },
          {
            "x": 32.2417266306286,
            "y": 47.459380097669055
          },
          {
            "x": 52.230628177442284,
            "y": 34.54295424851796
          }
        ],
        "is_cutout": false,
        "join_style": "round",
        "width_samples": [
          3.9327098976221753
        ]
      }
    }
  ],
  "diagnostics": [],
  "groups": [
    {
      "anchor_indexes": [
        0
      ],
      "kind": "primitive_anchor_reservation",
      "metrics": {
        "reserved_anchor_count": 1,
        "reserved_bounds_area": 750.122993
      }
    }
  ],
  "height": 64,
  "layers": [
    {
      "anchor_count": 1,
      "anchor_indexes": [
        0
      ],
      "name": "strokes"
    }
  ],
  "metrics": {
    "anchor_quality_error_max": 0.019044,
    "anchor_quality_error_mean": 0.019044,
    "anchor_quality_metric_summary": {
      "arc_fit_residual_error": {
        "count": 1,
        "max": 0.019044,
        "mean": 0.019044
      },
      "stroke_width_variance": {
        "count": 1,
        "max": 0.0,
        "mean": 0.0
      }
    },
    "anchor_scoring_summary": {
      "semantic_anchor_score_max": -0.096911,
      "semantic_anchor_score_mean": -0.096911,
      "semantic_anchor_score_min": -0.096911,
      "simple_shape_priority_bonus_mean": 0.25,
      "simple_shape_priority_bonus_total": 0.25
    },
    "color_fragment_counts": {
      "#003366": 1
    },
    "cutout_anchor_count": 0,
    "cutout_overlay_count": 0,
    "diagnostic_penalty": 0.0,
    "editability_score": 1.0,
    "fragmentation_penalty": 0.0,
    "generic_path_count": 0,
    "group_count": 1,
    "negative_mask_candidate_count": 0,
    "node_count": 3,
    "parameter_count": 7,
    "raster_alpha_error": 0.0,
    "raster_edge_error": 0.016704,
    "raster_l1_error": 0.013086,
    "raster_size_match": true,
    "reserved_simple_shape_area": 750.122993,
    "reserved_simple_shape_area_ratio": 0.183135,
    "reserved_simple_shape_count": 1,
    "shape_count": 1,
    "simple_shape_count": 1,
    "simple_shape_ratio": 1.0,
    "svg_alpha_error": 0.0,
    "svg_raster_edge_error": 0.015895,
    "svg_raster_l1_error": 0.013276,
    "svg_render_size_match": true,
    "svg_vs_preview_edge_error": 0.010138,
    "svg_vs_preview_l1_error": 0.007502
  },
  "schema_version": 1,
  "width": 64
}