{
  "anchor_count": 1,
  "anchors": [
    {
      "arc": {
        "cx": 31.473312606129337,
        "cy": 40.764878542704324,
        "large_arc": false,
        "r": 20.784918750745547,
        "sweep": true,
        "theta_end": -0.5083110539646378,
        "theta_start": -2.631983802691189
      },
      "color": "#003366",
      "confidence": 0.980864,
      "export_policy": {
        "cutout_strategy": null,
        "debug_label": "anchor-0000:arc:0.980864",
        "editable": true,
        "mask_eligible": false
      },
      "id": "anchor-0000",
      "kind": "arc",
      "layer": "strokes",
      "metrics": {
        "arc_angular_span": 2.123672748726551,
        "arc_bow_ratio": 0.2935755382690981,
        "arc_center_x": 31.473312606129337,
        "arc_center_y": 40.764878542704324,
        "arc_fit_residual_error": 0.01739618524081307,
        "arc_large_arc": 0.0,
        "arc_radius": 20.784918750745547,
        "arc_sweep": 1.0,
        "arc_theta_end": -0.5083110539646378,
        "arc_theta_start": -2.631983802691189,
        "semantic_anchor_score": -0.10020762951837386,
        "simple_shape_priority_bonus": 0.25,
        "stroke_width_variance": 0.0
      },
      "node_count": 3,
      "parameter_count": 7,
      "provenance": {
        "fitting": "primitive_fit",
        "source": "primitive_anchor_detection"
      },
      "raster_error": 0.01739618524081307,
      "reserved": {
        "bounds": [
          11.981074107280472,
          18.631616844983164,
          50.97869500003565,
          31.997153262777385
        ],
        "reason": "simple_shape_anchor"
      },
      "source_mask": {
        "bounds": [
          11.981074107280472,
          18.631616844983164,
          50.97869500003565,
          31.997153262777385
        ],
        "bounds_area": 521.224122,
        "id": "mask-0000",
        "source": "reserved_bounds"
      },
      "stroke": {
        "cap_style": "round",
        "centerline": [
          {
            "x": 13.3294214302007,
            "y": 30.625250321159278
          },
          {
            "x": 31.48679990709655,
            "y": 19.979964167903393
          },
          {
            "x": 49.630347677115424,
            "y": 30.648805939857155
          }
        ],
        "is_cutout": false,
        "join_style": "round",
        "width_samples": [
          2.6966946458404566
        ]
      }
    }
  ],
  "diagnostics": [],
  "groups": [
    {
      "anchor_indexes": [
        0
      ],
      "kind": "primitive_anchor_reservation",
      "metrics": {
        "reserved_anchor_count": 1,
        "reserved_bounds_area": 521.224122
      }
    }
  ],
  "height": 64,
  "layers": [
    {
      "anchor_count": 1,
      "anchor_indexes": [
        0
      ],
      "name": "strokes"
    }
  ],
  "metrics": {
    "anchor_quality_error_max": 0.017396,
    "anchor_quality_error_mean": 0.017396,
    "anchor_quality_metric_summary": {
      "arc_fit_residual_error": {
        "count": 1,
        "max": 0.017396,
        "mean": 0.017396
      },
      "stroke_width_variance": {
        "count": 1,
        "max": 0.0,
        "mean": 0.0
      }
    },
    "anchor_scoring_summary": {
      "semantic_anchor_score_max": -0.100208,
      "semantic_anchor_score_mean": -0.100208,
      "semantic_anchor_score_min": -0.100208,
      "simple_shape_priority_bonus_mean": 0.25,
      "simple_shape_priority_bonus_total": 0.25
    },
    "color_fragment_counts": {
      "#003366": 1
    },
    "cutout_anchor_count": 0,
    "cutout_overlay_count": 0,
    "diagnostic_penalty": 0.0,
    "editability_score": 1.0,
    "fragmentation_penalty": 0.0,
    "generic_path_count": 0,
    "group_count": 1,
    "negative_mask_candidate_count": 0,
    "node_count": 3,
    "parameter_count": 7,
    "raster_alpha_error": 0.0,
    "raster_edge_error": 0.013744,
    "raster_l1_error": 0.011914,
    "raster_size_match": true,
    "reserved_simple_shape_area": 521.224122,
    "reserved_simple_shape_area_ratio": 0.127252,
    "reserved_simple_shape_count": 1,
    "shape_count": 1,
    "simple_shape_count": 1,
    "simple_shape_ratio": 1.0,
    "svg_alpha_error": 0.0,
    "svg_raster_edge_error": 0.013145,
    "svg_raster_l1_error": 0.01091,
    "svg_render_size_match": true,
    "svg_vs_preview_edge_error": 0.01055,
    "svg_vs_preview_l1_error": 0.007633
  },
  "schema_version": 1,
  "width": 64
}