{
  "anchor_count": 1,
  "anchors": [
    {
      "arc": {
        "cx": 31.43260329932718,
        "cy": 37.639205857212666,
        "large_arc": false,
        "r": 19.115332894185276,
        "sweep": true,
        "theta_end": -0.3106134834857961,
        "theta_start": -2.8446984806545155
      },
      "color": "#003366",
      "confidence": 0.978363,
      "export_policy": {
        "cutout_strategy": null,
        "debug_label": "anchor-0000:arc:0.978363",
        "editable": true,
        "mask_eligible": false
      },
      "id": "anchor-0000",
      "kind": "arc",
      "layer": "strokes",
      "metrics": {
        "arc_angular_span": 2.534084997168719,
        "arc_bow_ratio": 0.3672609041482257,
        "arc_center_x": 31.43260329932718,
        "arc_center_y": 37.639205857212666,
        "arc_fit_residual_error": 0.019669898903246157,
        "arc_large_arc": 0.0,
        "arc_radius": 19.115332894185276,
        "arc_sweep": 1.0,
        "arc_theta_end": -0.3106134834857961,
        "arc_theta_start": -2.8446984806545155,
        "semantic_anchor_score": -0.09566020219350768,
        "simple_shape_priority_bonus": 0.25,
        "stroke_width_variance": 0.0
      },
      "node_count": 3,
      "parameter_count": 7,
      "provenance": {
        "fitting": "primitive_fit",
        "source": "primitive_anchor_detection"
      },
      "raster_error": 0.019669898903246157,
      "reserved": {
        "bounds": [
          11.188963996430427,
          16.55971501852489,
          51.597803361393225,
          34.01159085556596
        ],
        "reason": "simple_shape_anchor"
      },
      "source_mask": {
        "bounds": [
          11.188963996430427,
          16.55971501852489,
          51.597803361393225,
          34.01159085556596
        ],
        "bounds_area": 705.210047,
        "id": "mask-0000",
        "source": "reserved_bounds"
      },
      "stroke": {
        "cap_style": "round",
        "centerline": [
          {
            "x": 13.153571673926319,
            "y": 32.04698317807007
          },
          {
            "x": 31.301479733540624,
            "y": 18.524322696020782
          },
          {
            "x": 49.633195683897334,
            "y": 31.796741607750064
          }
        ],
        "is_cutout": false,
        "join_style": "round",
        "width_samples": [
          3.9292153549917823
        ]
      }
    }
  ],
  "diagnostics": [],
  "groups": [
    {
      "anchor_indexes": [
        0
      ],
      "kind": "primitive_anchor_reservation",
      "metrics": {
        "reserved_anchor_count": 1,
        "reserved_bounds_area": 705.210047
      }
    }
  ],
  "height": 64,
  "layers": [
    {
      "anchor_count": 1,
      "anchor_indexes": [
        0
      ],
      "name": "strokes"
    }
  ],
  "metrics": {
    "anchor_quality_error_max": 0.01967,
    "anchor_quality_error_mean": 0.01967,
    "anchor_quality_metric_summary": {
      "arc_fit_residual_error": {
        "count": 1,
        "max": 0.01967,
        "mean": 0.01967
      },
      "stroke_width_variance": {
        "count": 1,
        "max": 0.0,
        "mean": 0.0
      }
    },
    "anchor_scoring_summary": {
      "semantic_anchor_score_max": -0.09566,
      "semantic_anchor_score_mean": -0.09566,
      "semantic_anchor_score_min": -0.09566,
      "simple_shape_priority_bonus_mean": 0.25,
      "simple_shape_priority_bonus_total": 0.25
    },
    "color_fragment_counts": {
      "#003366": 1
    },
    "cutout_anchor_count": 0,
    "cutout_overlay_count": 0,
    "diagnostic_penalty": 0.0,
    "editability_score": 1.0,
    "fragmentation_penalty": 0.0,
    "generic_path_count": 0,
    "group_count": 1,
    "negative_mask_candidate_count": 0,
    "node_count": 3,
    "parameter_count": 7,
    "raster_alpha_error": 0.0,
    "raster_edge_error": 0.014378,
    "raster_l1_error": 0.010547,
    "raster_size_match": true,
    "reserved_simple_shape_area": 705.210047,
    "reserved_simple_shape_area_ratio": 0.17217,
    "reserved_simple_shape_count": 1,
    "shape_count": 1,
    "simple_shape_count": 1,
    "simple_shape_ratio": 1.0,
    "svg_alpha_error": 0.0,
    "svg_raster_edge_error": 0.015807,
    "svg_raster_l1_error": 0.012997,
    "svg_render_size_match": true,
    "svg_vs_preview_edge_error": 0.009657,
    "svg_vs_preview_l1_error": 0.007147
  },
  "schema_version": 1,
  "width": 64
}