{
  "anchor_count": 2,
  "anchors": [
    {
      "arc": {
        "cx": 29.499999999998757,
        "cy": 21.55437797827817,
        "large_arc": false,
        "r": 13.98146295445096,
        "sweep": true,
        "theta_end": -0.44994674803903045,
        "theta_start": -2.6916459055506783
      },
      "color": "#003366",
      "confidence": 0.977786,
      "export_policy": {
        "cutout_strategy": null,
        "debug_label": "anchor-0000:arc:0.977786",
        "editable": true,
        "mask_eligible": false
      },
      "id": "anchor-0000",
      "kind": "arc",
      "layer": "strokes",
      "metrics": {
        "arc_angular_span": 2.241699157511648,
        "arc_bow_ratio": 0.3137707261244783,
        "arc_center_x": 29.499999999998757,
        "arc_center_y": 21.55437797827817,
        "arc_fit_residual_error": 0.02019410682599761,
        "arc_large_arc": 0.0,
        "arc_radius": 13.98146295445096,
        "arc_sweep": 1.0,
        "arc_theta_end": -0.44994674803903045,
        "arc_theta_start": -2.6916459055506783,
        "semantic_anchor_score": -0.09461178634800477,
        "simple_shape_priority_bonus": 0.25,
        "stroke_width_variance": 0.0
      },
      "node_count": 3,
      "parameter_count": 7,
      "provenance": {
        "fitting": "primitive_fit",
        "source": "primitive_anchor_detection"
      },
      "raster_error": 0.02019410682599761,
      "reserved": {
        "bounds": [
          14.971222027159712,
          5.634028686501354,
          44.02877797283831,
          17.412480241760694
        ],
        "reason": "simple_shape_anchor"
      },
      "source_mask": {
        "bounds": [
          14.971222027159712,
          5.634028686501354,
          44.02877797283831,
          17.412480241760694
        ],
        "bounds_area": 342.253015,
        "id": "mask-0000",
        "source": "reserved_bounds"
      },
      "stroke": {
        "cap_style": "round",
        "centerline": [
          {
            "x": 16.910108364485566,
            "y": 15.473593904433777
          },
          {
            "x": 29.499999999999346,
            "y": 7.572915023827209
          },
          {
            "x": 42.08989163551246,
            "y": 15.47359390443484
          }
        ],
        "is_cutout": false,
        "join_style": "round",
        "width_samples": [
          3.877772674651709
        ]
      }
    },
    {
      "circle": {
        "cx": 47.0,
        "cy": 49.0,
        "r": 7.0
      },
      "color": "#dd2222",
      "confidence": 0.96759,
      "export_policy": {
        "cutout_strategy": null,
        "debug_label": "anchor-0001:circle:0.96759",
        "editable": true,
        "mask_eligible": false
      },
      "id": "anchor-0001",
      "kind": "circle",
      "layer": "filled_primitives",
      "metrics": {
        "circle_fit_residual_error": 0.02541743501449543,
        "circle_roundness_error": 0.028357579598759754,
        "semantic_anchor_score": -0.22419244184725468,
        "simple_shape_priority_bonus": 0.35
      },
      "node_count": 1,
      "parameter_count": 3,
      "provenance": {
        "fitting": "primitive_fit",
        "source": "primitive_anchor_detection"
      },
      "raster_error": 0.027032543539490132,
      "reserved": {
        "bounds": [
          40.0,
          42.0,
          54.0,
          56.0
        ],
        "reason": "simple_shape_anchor"
      },
      "source_mask": {
        "bounds": [
          40.0,
          42.0,
          54.0,
          56.0
        ],
        "bounds_area": 196.0,
        "id": "mask-0001",
        "source": "reserved_bounds"
      }
    }
  ],
  "diagnostics": [],
  "groups": [
    {
      "anchor_indexes": [
        0,
        1
      ],
      "kind": "primitive_anchor_reservation",
      "metrics": {
        "reserved_anchor_count": 2,
        "reserved_bounds_area": 538.253015
      }
    }
  ],
  "height": 64,
  "layers": [
    {
      "anchor_count": 1,
      "anchor_indexes": [
        1
      ],
      "name": "filled_primitives"
    },
    {
      "anchor_count": 1,
      "anchor_indexes": [
        0
      ],
      "name": "strokes"
    }
  ],
  "metrics": {
    "anchor_quality_error_max": 0.053775,
    "anchor_quality_error_mean": 0.036985,
    "anchor_quality_metric_summary": {
      "arc_fit_residual_error": {
        "count": 1,
        "max": 0.020194,
        "mean": 0.020194
      },
      "circle_fit_residual_error": {
        "count": 1,
        "max": 0.025417,
        "mean": 0.025417
      },
      "circle_roundness_error": {
        "count": 1,
        "max": 0.028358,
        "mean": 0.028358
      },
      "stroke_width_variance": {
        "count": 1,
        "max": 0.0,
        "mean": 0.0
      }
    },
    "anchor_scoring_summary": {
      "semantic_anchor_score_max": -0.094612,
      "semantic_anchor_score_mean": -0.159402,
      "semantic_anchor_score_min": -0.224192,
      "simple_shape_priority_bonus_mean": 0.3,
      "simple_shape_priority_bonus_total": 0.6
    },
    "color_fragment_counts": {
      "#003366": 1,
      "#dd2222": 1
    },
    "cutout_anchor_count": 0,
    "cutout_overlay_count": 0,
    "diagnostic_penalty": 0.0,
    "editability_score": 1.0,
    "fragmentation_penalty": 0.0,
    "generic_path_count": 0,
    "group_count": 1,
    "negative_mask_candidate_count": 0,
    "node_count": 4,
    "parameter_count": 10,
    "raster_alpha_error": 0.0,
    "raster_edge_error": 0.009938,
    "raster_l1_error": 0.007617,
    "raster_size_match": true,
    "reserved_simple_shape_area": 538.253015,
    "reserved_simple_shape_area_ratio": 0.131409,
    "reserved_simple_shape_count": 2,
    "shape_count": 2,
    "simple_shape_count": 2,
    "simple_shape_ratio": 1.0,
    "svg_alpha_error": 0.0,
    "svg_raster_edge_error": 0.015582,
    "svg_raster_l1_error": 0.012863,
    "svg_render_size_match": true,
    "svg_vs_preview_edge_error": 0.011479,
    "svg_vs_preview_l1_error": 0.008765
  },
  "schema_version": 1,
  "width": 64
}