{
  "anchor_count": 1,
  "anchors": [
    {
      "arc": {
        "cx": 31.40944282689849,
        "cy": 34.77154644608575,
        "large_arc": false,
        "r": 17.178503880452812,
        "sweep": true,
        "theta_end": -0.5731451097543392,
        "theta_start": -2.5947743804481784
      },
      "color": "#003366",
      "confidence": 0.978206,
      "export_policy": {
        "cutout_strategy": null,
        "debug_label": "anchor-0000:arc:0.978206",
        "editable": true,
        "mask_eligible": false
      },
      "id": "anchor-0000",
      "kind": "arc",
      "layer": "strokes",
      "metrics": {
        "arc_angular_span": 2.0216292706938392,
        "arc_bow_ratio": 0.2766722364689045,
        "arc_center_x": 31.40944282689849,
        "arc_center_y": 34.77154644608575,
        "arc_fit_residual_error": 0.019812635799544877,
        "arc_large_arc": 0.0,
        "arc_radius": 17.178503880452812,
        "arc_sweep": 1.0,
        "arc_theta_end": -0.5731451097543392,
        "arc_theta_start": -2.5947743804481784,
        "semantic_anchor_score": -0.09537472840091024,
        "simple_shape_priority_bonus": 0.25,
        "stroke_width_variance": 0.0
      },
      "node_count": 3,
      "parameter_count": 7,
      "provenance": {
        "fitting": "primitive_fit",
        "source": "primitive_anchor_detection"
      },
      "raster_error": 0.019812635799544877,
      "reserved": {
        "bounds": [
          14.815737386239103,
          15.674415720803694,
          47.76293025332143,
          27.759319051489097
        ],
        "reason": "simple_shape_anchor"
      },
      "source_mask": {
        "bounds": [
          14.815737386239103,
          15.674415720803694,
          47.76293025332143,
          27.759319051489097
        ],
        "bounds_area": 398.163641,
        "id": "mask-0000",
        "source": "reserved_bounds"
      },
      "stroke": {
        "cap_style": "round",
        "centerline": [
          {
            "x": 16.735852517202524,
            "y": 25.839203920525676
          },
          {
            "x": 31.183321524791324,
            "y": 17.594530851767114
          },
          {
            "x": 45.842815122358004,
            "y": 25.456034664578834
          }
        ],
        "is_cutout": false,
        "join_style": "round",
        "width_samples": [
          3.840230261926841
        ]
      }
    }
  ],
  "diagnostics": [],
  "groups": [
    {
      "anchor_indexes": [
        0
      ],
      "kind": "primitive_anchor_reservation",
      "metrics": {
        "reserved_anchor_count": 1,
        "reserved_bounds_area": 398.163641
      }
    }
  ],
  "height": 64,
  "layers": [
    {
      "anchor_count": 1,
      "anchor_indexes": [
        0
      ],
      "name": "strokes"
    }
  ],
  "metrics": {
    "anchor_quality_error_max": 0.019813,
    "anchor_quality_error_mean": 0.019813,
    "anchor_quality_metric_summary": {
      "arc_fit_residual_error": {
        "count": 1,
        "max": 0.019813,
        "mean": 0.019813
      },
      "stroke_width_variance": {
        "count": 1,
        "max": 0.0,
        "mean": 0.0
      }
    },
    "anchor_scoring_summary": {
      "semantic_anchor_score_max": -0.095375,
      "semantic_anchor_score_mean": -0.095375,
      "semantic_anchor_score_min": -0.095375,
      "simple_shape_priority_bonus_mean": 0.25,
      "simple_shape_priority_bonus_total": 0.25
    },
    "color_fragment_counts": {
      "#003366": 1
    },
    "cutout_anchor_count": 0,
    "cutout_overlay_count": 0,
    "diagnostic_penalty": 0.0,
    "editability_score": 1.0,
    "fragmentation_penalty": 0.0,
    "generic_path_count": 0,
    "group_count": 1,
    "negative_mask_candidate_count": 0,
    "node_count": 3,
    "parameter_count": 7,
    "raster_alpha_error": 0.0,
    "raster_edge_error": 0.011418,
    "raster_l1_error": 0.008594,
    "raster_size_match": true,
    "reserved_simple_shape_area": 398.163641,
    "reserved_simple_shape_area_ratio": 0.097208,
    "reserved_simple_shape_count": 1,
    "shape_count": 1,
    "simple_shape_count": 1,
    "simple_shape_ratio": 1.0,
    "svg_alpha_error": 0.0,
    "svg_raster_edge_error": 0.011857,
    "svg_raster_l1_error": 0.009718,
    "svg_render_size_match": true,
    "svg_vs_preview_edge_error": 0.008267,
    "svg_vs_preview_l1_error": 0.006549
  },
  "schema_version": 1,
  "width": 64
}