{
  "anchor_count": 1,
  "anchors": [
    {
      "arc": {
        "cx": 31.360991337415644,
        "cy": 46.69115131021071,
        "large_arc": false,
        "r": 23.16733759584553,
        "sweep": true,
        "theta_end": -0.9650226096806837,
        "theta_start": -2.2009250611741713
      },
      "color": "#003366",
      "confidence": 0.975077,
      "export_policy": {
        "cutout_strategy": null,
        "debug_label": "anchor-0000:arc:0.975077",
        "editable": true,
        "mask_eligible": false
      },
      "id": "anchor-0000",
      "kind": "arc",
      "layer": "strokes",
      "metrics": {
        "arc_angular_span": 1.2359024514934878,
        "arc_bow_ratio": 0.15959918800076595,
        "arc_center_x": 31.360991337415644,
        "arc_center_y": 46.69115131021071,
        "arc_fit_residual_error": 0.02265681935578716,
        "arc_large_arc": 0.0,
        "arc_radius": 23.16733759584553,
        "arc_sweep": 1.0,
        "arc_theta_end": -0.9650226096806837,
        "arc_theta_start": -2.2009250611741713,
        "semantic_anchor_score": -0.08968636128842566,
        "simple_shape_priority_bonus": 0.25,
        "stroke_width_variance": 0.0
      },
      "node_count": 3,
      "parameter_count": 7,
      "provenance": {
        "fitting": "primitive_fit",
        "source": "primitive_anchor_detection"
      },
      "raster_error": 0.02265681935578716,
      "reserved": {
        "bounds": [
          15.783010202070498,
          21.59887559465217,
          46.47908960672175,
          29.899718338805705
        ],
        "reason": "simple_shape_anchor"
      },
      "source_mask": {
        "bounds": [
          15.783010202070498,
          21.59887559465217,
          46.47908960672175,
          29.899718338805705
        ],
        "bounds_area": 254.803328,
        "id": "mask-0000",
        "source": "reserved_bounds"
      },
      "stroke": {
        "cap_style": "round",
        "centerline": [
          {
            "x": 17.70966606268548,
            "y": 27.973062478190727
          },
          {
            "x": 31.0788778564855,
            "y": 23.52553145526715
          },
          {
            "x": 44.55243374610677,
            "y": 27.646168284278055
          }
        ],
        "is_cutout": false,
        "join_style": "round",
        "width_samples": [
          3.853311721229961
        ]
      }
    }
  ],
  "diagnostics": [],
  "groups": [
    {
      "anchor_indexes": [
        0
      ],
      "kind": "primitive_anchor_reservation",
      "metrics": {
        "reserved_anchor_count": 1,
        "reserved_bounds_area": 254.803328
      }
    }
  ],
  "height": 64,
  "layers": [
    {
      "anchor_count": 1,
      "anchor_indexes": [
        0
      ],
      "name": "strokes"
    }
  ],
  "metrics": {
    "anchor_quality_error_max": 0.022657,
    "anchor_quality_error_mean": 0.022657,
    "anchor_quality_metric_summary": {
      "arc_fit_residual_error": {
        "count": 1,
        "max": 0.022657,
        "mean": 0.022657
      },
      "stroke_width_variance": {
        "count": 1,
        "max": 0.0,
        "mean": 0.0
      }
    },
    "anchor_scoring_summary": {
      "semantic_anchor_score_max": -0.089686,
      "semantic_anchor_score_mean": -0.089686,
      "semantic_anchor_score_min": -0.089686,
      "simple_shape_priority_bonus_mean": 0.25,
      "simple_shape_priority_bonus_total": 0.25
    },
    "color_fragment_counts": {
      "#003366": 1
    },
    "cutout_anchor_count": 0,
    "cutout_overlay_count": 0,
    "diagnostic_penalty": 0.0,
    "editability_score": 1.0,
    "fragmentation_penalty": 0.0,
    "generic_path_count": 0,
    "group_count": 1,
    "negative_mask_candidate_count": 0,
    "node_count": 3,
    "parameter_count": 7,
    "raster_alpha_error": 0.0,
    "raster_edge_error": 0.008458,
    "raster_l1_error": 0.007227,
    "raster_size_match": true,
    "reserved_simple_shape_area": 254.803328,
    "reserved_simple_shape_area_ratio": 0.062208,
    "reserved_simple_shape_count": 1,
    "shape_count": 1,
    "simple_shape_count": 1,
    "simple_shape_ratio": 1.0,
    "svg_alpha_error": 0.0,
    "svg_raster_edge_error": 0.009544,
    "svg_raster_l1_error": 0.008353,
    "svg_render_size_match": true,
    "svg_vs_preview_edge_error": 0.007363,
    "svg_vs_preview_l1_error": 0.006086
  },
  "schema_version": 1,
  "width": 64
}