{
  "anchor_count": 1,
  "anchors": [
    {
      "arc": {
        "cx": 31.423572339955825,
        "cy": 34.67208391883269,
        "large_arc": false,
        "r": 15.177820142622993,
        "sweep": true,
        "theta_end": -0.18130244088184422,
        "theta_start": -2.9700486356370326
      },
      "color": "#003366",
      "confidence": 0.978392,
      "export_policy": {
        "cutout_strategy": null,
        "debug_label": "anchor-0000:arc:0.978392",
        "editable": true,
        "mask_eligible": false
      },
      "id": "anchor-0000",
      "kind": "arc",
      "layer": "strokes",
      "metrics": {
        "arc_angular_span": 2.7887461947551886,
        "arc_bow_ratio": 0.4187451422429957,
        "arc_center_x": 31.423572339955825,
        "arc_center_y": 34.67208391883269,
        "arc_fit_residual_error": 0.019644000812450005,
        "arc_large_arc": 0.0,
        "arc_radius": 15.177820142622993,
        "arc_sweep": 1.0,
        "arc_theta_end": -0.18130244088184422,
        "arc_theta_start": -2.9700486356370326,
        "semantic_anchor_score": -0.09571199837509997,
        "simple_shape_priority_bonus": 0.25,
        "stroke_width_variance": 0.0
      },
      "node_count": 3,
      "parameter_count": 7,
      "provenance": {
        "fitting": "primitive_fit",
        "source": "primitive_anchor_detection"
      },
      "raster_error": 0.019644000812450005,
      "reserved": {
        "bounds": [
          14.538756509944005,
          17.56467435167728,
          48.28239328936544,
          34.0109408062137
        ],
        "reason": "simple_shape_anchor"
      },
      "source_mask": {
        "bounds": [
          14.538756509944005,
          17.56467435167728,
          48.28239328936544,
          34.0109408062137
        ],
        "bounds_area": 554.956842,
        "id": "mask-0000",
        "source": "reserved_bounds"
      },
      "stroke": {
        "cap_style": "round",
        "centerline": [
          {
            "x": 16.46852660105766,
            "y": 32.08117071510005
          },
          {
            "x": 31.34951683974624,
            "y": 19.494444442790936
          },
          {
            "x": 46.352623198251784,
            "y": 31.93535873127277
          }
        ],
        "is_cutout": false,
        "join_style": "round",
        "width_samples": [
          3.8595401822273123
        ]
      }
    }
  ],
  "diagnostics": [],
  "groups": [
    {
      "anchor_indexes": [
        0
      ],
      "kind": "primitive_anchor_reservation",
      "metrics": {
        "reserved_anchor_count": 1,
        "reserved_bounds_area": 554.956842
      }
    }
  ],
  "height": 64,
  "layers": [
    {
      "anchor_count": 1,
      "anchor_indexes": [
        0
      ],
      "name": "strokes"
    }
  ],
  "metrics": {
    "anchor_quality_error_max": 0.019644,
    "anchor_quality_error_mean": 0.019644,
    "anchor_quality_metric_summary": {
      "arc_fit_residual_error": {
        "count": 1,
        "max": 0.019644,
        "mean": 0.019644
      },
      "stroke_width_variance": {
        "count": 1,
        "max": 0.0,
        "mean": 0.0
      }
    },
    "anchor_scoring_summary": {
      "semantic_anchor_score_max": -0.095712,
      "semantic_anchor_score_mean": -0.095712,
      "semantic_anchor_score_min": -0.095712,
      "simple_shape_priority_bonus_mean": 0.25,
      "simple_shape_priority_bonus_total": 0.25
    },
    "color_fragment_counts": {
      "#003366": 1
    },
    "cutout_anchor_count": 0,
    "cutout_overlay_count": 0,
    "diagnostic_penalty": 0.0,
    "editability_score": 1.0,
    "fragmentation_penalty": 0.0,
    "generic_path_count": 0,
    "group_count": 1,
    "negative_mask_candidate_count": 0,
    "node_count": 3,
    "parameter_count": 7,
    "raster_alpha_error": 0.0,
    "raster_edge_error": 0.013744,
    "raster_l1_error": 0.010742,
    "raster_size_match": true,
    "reserved_simple_shape_area": 554.956842,
    "reserved_simple_shape_area_ratio": 0.135488,
    "reserved_simple_shape_count": 1,
    "shape_count": 1,
    "simple_shape_count": 1,
    "simple_shape_ratio": 1.0,
    "svg_alpha_error": 0.0,
    "svg_raster_edge_error": 0.014417,
    "svg_raster_l1_error": 0.01161,
    "svg_render_size_match": true,
    "svg_vs_preview_edge_error": 0.010759,
    "svg_vs_preview_l1_error": 0.008248
  },
  "schema_version": 1,
  "width": 64
}