{
  "anchor_count": 1,
  "anchors": [
    {
      "arc": {
        "cx": 31.46261919408607,
        "cy": 35.596370332757544,
        "large_arc": false,
        "r": 10.13831534199103,
        "sweep": true,
        "theta_end": -0.2952303907181224,
        "theta_start": -2.8738012842694487
      },
      "color": "#003366",
      "confidence": 0.978215,
      "export_policy": {
        "cutout_strategy": null,
        "debug_label": "anchor-0000:arc:0.978215",
        "editable": true,
        "mask_eligible": false
      },
      "id": "anchor-0000",
      "kind": "arc",
      "layer": "strokes",
      "metrics": {
        "arc_angular_span": 2.5785708935513263,
        "arc_bow_ratio": 0.37589265108741476,
        "arc_center_x": 31.46261919408607,
        "arc_center_y": 35.596370332757544,
        "arc_fit_residual_error": 0.019804744391767912,
        "arc_large_arc": 0.0,
        "arc_radius": 10.13831534199103,
        "arc_sweep": 1.0,
        "arc_theta_end": -0.2952303907181224,
        "arc_theta_start": -2.8738012842694487,
        "semantic_anchor_score": -0.09539051121646416,
        "simple_shape_priority_bonus": 0.25,
        "stroke_width_variance": 0.0
      },
      "node_count": 3,
      "parameter_count": 7,
      "provenance": {
        "fitting": "primitive_fit",
        "source": "primitive_anchor_detection"
      },
      "raster_error": 0.019804744391767912,
      "reserved": {
        "bounds": [
          19.711360090956063,
          23.484712038406812,
          43.136598752341,
          34.88804713319631
        ],
        "reason": "simple_shape_anchor"
      },
      "source_mask": {
        "bounds": [
          19.711360090956063,
          23.484712038406812,
          43.136598752341,
          34.88804713319631
        ],
        "bounds_area": 267.125846,
        "id": "mask-0000",
        "source": "reserved_bounds"
      },
      "stroke": {
        "cap_style": "round",
        "centerline": [
          {
            "x": 21.685657170419642,
            "y": 32.913750053732734
          },
          {
            "x": 31.32353083169596,
            "y": 25.45900911787039
          },
          {
            "x": 41.162301672877426,
            "y": 32.646523254639995
          }
        ],
        "is_cutout": false,
        "join_style": "round",
        "width_samples": [
          3.948594158927155
        ]
      }
    }
  ],
  "diagnostics": [],
  "groups": [
    {
      "anchor_indexes": [
        0
      ],
      "kind": "primitive_anchor_reservation",
      "metrics": {
        "reserved_anchor_count": 1,
        "reserved_bounds_area": 267.125846
      }
    }
  ],
  "height": 64,
  "layers": [
    {
      "anchor_count": 1,
      "anchor_indexes": [
        0
      ],
      "name": "strokes"
    }
  ],
  "metrics": {
    "anchor_quality_error_max": 0.019805,
    "anchor_quality_error_mean": 0.019805,
    "anchor_quality_metric_summary": {
      "arc_fit_residual_error": {
        "count": 1,
        "max": 0.019805,
        "mean": 0.019805
      },
      "stroke_width_variance": {
        "count": 1,
        "max": 0.0,
        "mean": 0.0
      }
    },
    "anchor_scoring_summary": {
      "semantic_anchor_score_max": -0.095391,
      "semantic_anchor_score_mean": -0.095391,
      "semantic_anchor_score_min": -0.095391,
      "simple_shape_priority_bonus_mean": 0.25,
      "simple_shape_priority_bonus_total": 0.25
    },
    "color_fragment_counts": {
      "#003366": 1
    },
    "cutout_anchor_count": 0,
    "cutout_overlay_count": 0,
    "diagnostic_penalty": 0.0,
    "editability_score": 1.0,
    "fragmentation_penalty": 0.0,
    "generic_path_count": 0,
    "group_count": 1,
    "negative_mask_candidate_count": 0,
    "node_count": 3,
    "parameter_count": 7,
    "raster_alpha_error": 0.0,
    "raster_edge_error": 0.007189,
    "raster_l1_error": 0.005469,
    "raster_size_match": true,
    "reserved_simple_shape_area": 267.125846,
    "reserved_simple_shape_area_ratio": 0.065216,
    "reserved_simple_shape_count": 1,
    "shape_count": 1,
    "simple_shape_count": 1,
    "simple_shape_ratio": 1.0,
    "svg_alpha_error": 0.0,
    "svg_raster_edge_error": 0.00894,
    "svg_raster_l1_error": 0.007432,
    "svg_render_size_match": true,
    "svg_vs_preview_edge_error": 0.006417,
    "svg_vs_preview_l1_error": 0.004654
  },
  "schema_version": 1,
  "width": 64
}