{
  "anchor_count": 1,
  "anchors": [
    {
      "arc": {
        "cx": 31.499999999999535,
        "cy": 37.8096043267218,
        "large_arc": false,
        "r": 19.293463435170846,
        "sweep": true,
        "theta_end": -0.24181982877190022,
        "theta_start": -2.899772824817882
      },
      "color": "#003366",
      "confidence": 0.978593,
      "export_policy": {
        "cutout_strategy": null,
        "debug_label": "anchor-0000:arc:0.978593",
        "editable": true,
        "mask_eligible": false
      },
      "id": "anchor-0000",
      "kind": "arc",
      "layer": "strokes",
      "metrics": {
        "arc_angular_span": 2.6579529960459816,
        "arc_bow_ratio": 0.3916608979720785,
        "arc_center_x": 31.499999999999535,
        "arc_center_y": 37.8096043267218,
        "arc_fit_residual_error": 0.019461039985996714,
        "arc_large_arc": 0.0,
        "arc_radius": 19.293463435170846,
        "arc_sweep": 1.0,
        "arc_theta_end": -0.24181982877190022,
        "arc_theta_start": -2.899772824817882,
        "semantic_anchor_score": -0.09607792002800658,
        "simple_shape_priority_bonus": 0.25,
        "stroke_width_variance": 0.0
      },
      "node_count": 3,
      "parameter_count": 7,
      "provenance": {
        "fitting": "primitive_fit",
        "source": "primitive_anchor_detection"
      },
      "raster_error": 0.019461039985996714,
      "reserved": {
        "bounds": [
          10.804273773942915,
          16.552511409632586,
          52.1957262260562,
          35.15303003688751
        ],
        "reason": "simple_shape_anchor"
      },
      "source_mask": {
        "bounds": [
          10.804273773942915,
          16.552511409632586,
          52.1957262260562,
          35.15303003688751
        ],
        "bounds_area": 769.902482,
        "id": "mask-0000",
        "source": "reserved_bounds"
      },
      "stroke": {
        "cap_style": "round",
        "centerline": [
          {
            "x": 12.767903255861278,
            "y": 33.18940055496894
          },
          {
            "x": 31.499999999999638,
            "y": 18.51614089155095
          },
          {
            "x": 50.23209674413784,
            "y": 33.18940055496915
          }
        ],
        "is_cutout": false,
        "join_style": "round",
        "width_samples": [
          3.9272589638367243
        ]
      }
    }
  ],
  "diagnostics": [],
  "groups": [
    {
      "anchor_indexes": [
        0
      ],
      "kind": "primitive_anchor_reservation",
      "metrics": {
        "reserved_anchor_count": 1,
        "reserved_bounds_area": 769.902482
      }
    }
  ],
  "height": 64,
  "layers": [
    {
      "anchor_count": 1,
      "anchor_indexes": [
        0
      ],
      "name": "strokes"
    }
  ],
  "metrics": {
    "anchor_quality_error_max": 0.019461,
    "anchor_quality_error_mean": 0.019461,
    "anchor_quality_metric_summary": {
      "arc_fit_residual_error": {
        "count": 1,
        "max": 0.019461,
        "mean": 0.019461
      },
      "stroke_width_variance": {
        "count": 1,
        "max": 0.0,
        "mean": 0.0
      }
    },
    "anchor_scoring_summary": {
      "semantic_anchor_score_max": -0.096078,
      "semantic_anchor_score_mean": -0.096078,
      "semantic_anchor_score_min": -0.096078,
      "simple_shape_priority_bonus_mean": 0.25,
      "simple_shape_priority_bonus_total": 0.25
    },
    "color_fragment_counts": {
      "#003366": 1
    },
    "cutout_anchor_count": 0,
    "cutout_overlay_count": 0,
    "diagnostic_penalty": 0.0,
    "editability_score": 1.0,
    "fragmentation_penalty": 0.0,
    "generic_path_count": 0,
    "group_count": 1,
    "negative_mask_candidate_count": 0,
    "node_count": 3,
    "parameter_count": 7,
    "raster_alpha_error": 0.0,
    "raster_edge_error": 0.01607,
    "raster_l1_error": 0.011523,
    "raster_size_match": true,
    "reserved_simple_shape_area": 769.902482,
    "reserved_simple_shape_area_ratio": 0.187964,
    "reserved_simple_shape_count": 1,
    "shape_count": 1,
    "simple_shape_count": 1,
    "simple_shape_ratio": 1.0,
    "svg_alpha_error": 0.0,
    "svg_raster_edge_error": 0.015283,
    "svg_raster_l1_error": 0.01223,
    "svg_render_size_match": true,
    "svg_vs_preview_edge_error": 0.009882,
    "svg_vs_preview_l1_error": 0.006991
  },
  "schema_version": 1,
  "width": 64
}