{
  "anchor_count": 1,
  "anchors": [
    {
      "arc": {
        "cx": 32.48282874244342,
        "cy": 41.720672551711544,
        "large_arc": false,
        "r": 22.099677243593757,
        "sweep": true,
        "theta_end": -0.4834113394246944,
        "theta_start": -2.6787971036566973
      },
      "color": "#003366",
      "confidence": 0.978807,
      "export_policy": {
        "cutout_strategy": null,
        "debug_label": "anchor-0000:arc:0.978807",
        "editable": true,
        "mask_eligible": false
      },
      "id": "anchor-0000",
      "kind": "arc",
      "layer": "strokes",
      "metrics": {
        "arc_angular_span": 2.195385764232003,
        "arc_bow_ratio": 0.3057595774425232,
        "arc_center_x": 32.48282874244342,
        "arc_center_y": 41.720672551711544,
        "arc_fit_residual_error": 0.019266358232406088,
        "arc_large_arc": 0.0,
        "arc_radius": 22.099677243593757,
        "arc_sweep": 1.0,
        "arc_theta_end": -0.4834113394246944,
        "arc_theta_start": -2.6787971036566973,
        "semantic_anchor_score": -0.09646728353518783,
        "simple_shape_priority_bonus": 0.25,
        "stroke_width_variance": 0.0
      },
      "node_count": 3,
      "parameter_count": 7,
      "provenance": {
        "fitting": "primitive_fit",
        "source": "primitive_anchor_detection"
      },
      "raster_error": 0.019266358232406088,
      "reserved": {
        "bounds": [
          10.75522729451471,
          17.669534122621855,
          54.00283821084458,
          33.80687753812515
        ],
        "reason": "simple_shape_anchor"
      },
      "source_mask": {
        "bounds": [
          10.75522729451471,
          17.669534122621855,
          54.00283821084458,
          33.80687753812515
        ],
        "bounds_area": 697.901549,
        "id": "mask-0000",
        "source": "reserved_bounds"
      },
      "stroke": {
        "cap_style": "round",
        "centerline": [
          {
            "x": 12.707862544737786,
            "y": 31.85424228790207
          },
          {
            "x": 32.25503162955982,
            "y": 19.622169372844933
          },
          {
            "x": 52.050202960621505,
            "y": 31.448691220108813
          }
        ],
        "is_cutout": false,
        "join_style": "round",
        "width_samples": [
          3.905270500446155
        ]
      }
    }
  ],
  "diagnostics": [],
  "groups": [
    {
      "anchor_indexes": [
        0
      ],
      "kind": "primitive_anchor_reservation",
      "metrics": {
        "reserved_anchor_count": 1,
        "reserved_bounds_area": 697.901549
      }
    }
  ],
  "height": 64,
  "layers": [
    {
      "anchor_count": 1,
      "anchor_indexes": [
        0
      ],
      "name": "strokes"
    }
  ],
  "metrics": {
    "anchor_quality_error_max": 0.019266,
    "anchor_quality_error_mean": 0.019266,
    "anchor_quality_metric_summary": {
      "arc_fit_residual_error": {
        "count": 1,
        "max": 0.019266,
        "mean": 0.019266
      },
      "stroke_width_variance": {
        "count": 1,
        "max": 0.0,
        "mean": 0.0
      }
    },
    "anchor_scoring_summary": {
      "semantic_anchor_score_max": -0.096467,
      "semantic_anchor_score_mean": -0.096467,
      "semantic_anchor_score_min": -0.096467,
      "simple_shape_priority_bonus_mean": 0.25,
      "simple_shape_priority_bonus_total": 0.25
    },
    "color_fragment_counts": {
      "#003366": 1
    },
    "cutout_anchor_count": 0,
    "cutout_overlay_count": 0,
    "diagnostic_penalty": 0.0,
    "editability_score": 1.0,
    "fragmentation_penalty": 0.0,
    "generic_path_count": 0,
    "group_count": 1,
    "negative_mask_candidate_count": 0,
    "node_count": 3,
    "parameter_count": 7,
    "raster_alpha_error": 0.0,
    "raster_edge_error": 0.012898,
    "raster_l1_error": 0.008984,
    "raster_size_match": true,
    "reserved_simple_shape_area": 697.901549,
    "reserved_simple_shape_area_ratio": 0.170386,
    "reserved_simple_shape_count": 1,
    "shape_count": 1,
    "simple_shape_count": 1,
    "simple_shape_ratio": 1.0,
    "svg_alpha_error": 0.0,
    "svg_raster_edge_error": 0.015151,
    "svg_raster_l1_error": 0.012188,
    "svg_render_size_match": true,
    "svg_vs_preview_edge_error": 0.009869,
    "svg_vs_preview_l1_error": 0.007237
  },
  "schema_version": 1,
  "width": 64
}