{
  "anchor_count": 1,
  "anchors": [
    {
      "arc": {
        "cx": 31.41799313936822,
        "cy": 23.901530233978285,
        "large_arc": false,
        "r": 19.62424101885772,
        "sweep": false,
        "theta_end": 0.4543157385395298,
        "theta_start": 2.7063773265130515
      },
      "color": "#003366",
      "confidence": 0.978598,
      "export_policy": {
        "cutout_strategy": null,
        "debug_label": "anchor-0000:arc:0.978598",
        "editable": true,
        "mask_eligible": false
      },
      "id": "anchor-0000",
      "kind": "arc",
      "layer": "strokes",
      "metrics": {
        "arc_angular_span": 2.2520615879735217,
        "arc_bow_ratio": 0.3155790751926381,
        "arc_center_x": 31.41799313936822,
        "arc_center_y": 23.901530233978285,
        "arc_fit_residual_error": 0.019455912464508965,
        "arc_large_arc": 0.0,
        "arc_radius": 19.62424101885772,
        "arc_sweep": 0.0,
        "arc_theta_end": 0.4543157385395298,
        "arc_theta_start": 2.7063773265130515,
        "semantic_anchor_score": -0.09608817507098205,
        "simple_shape_priority_bonus": 0.25,
        "stroke_width_variance": 0.0
      },
      "node_count": 3,
      "parameter_count": 7,
      "provenance": {
        "fitting": "primitive_fit",
        "source": "primitive_anchor_detection"
      },
      "raster_error": 0.019455912464508965,
      "reserved": {
        "bounds": [
          11.667862843512172,
          30.2199462739885,
          51.00685622623821,
          45.48015148134067
        ],
        "reason": "simple_shape_anchor"
      },
      "source_mask": {
        "bounds": [
          11.667862843512172,
          30.2199462739885,
          51.00685622623821,
          45.48015148134067
        ],
        "bounds_area": 600.321112,
        "id": "mask-0000",
        "source": "reserved_bounds"
      },
      "stroke": {
        "cap_style": "round",
        "centerline": [
          {
            "x": 13.623137993692524,
            "y": 32.17522142416885
          },
          {
            "x": 31.2305804492197,
            "y": 43.524876331160314
          },
          {
            "x": 49.05158107605786,
            "y": 32.51358063125603
          }
        ],
        "is_cutout": false,
        "join_style": "round",
        "width_samples": [
          3.910550300360705
        ]
      }
    }
  ],
  "diagnostics": [],
  "groups": [
    {
      "anchor_indexes": [
        0
      ],
      "kind": "primitive_anchor_reservation",
      "metrics": {
        "reserved_anchor_count": 1,
        "reserved_bounds_area": 600.321112
      }
    }
  ],
  "height": 64,
  "layers": [
    {
      "anchor_count": 1,
      "anchor_indexes": [
        0
      ],
      "name": "strokes"
    }
  ],
  "metrics": {
    "anchor_quality_error_max": 0.019456,
    "anchor_quality_error_mean": 0.019456,
    "anchor_quality_metric_summary": {
      "arc_fit_residual_error": {
        "count": 1,
        "max": 0.019456,
        "mean": 0.019456
      },
      "stroke_width_variance": {
        "count": 1,
        "max": 0.0,
        "mean": 0.0
      }
    },
    "anchor_scoring_summary": {
      "semantic_anchor_score_max": -0.096088,
      "semantic_anchor_score_mean": -0.096088,
      "semantic_anchor_score_min": -0.096088,
      "simple_shape_priority_bonus_mean": 0.25,
      "simple_shape_priority_bonus_total": 0.25
    },
    "color_fragment_counts": {
      "#003366": 1
    },
    "cutout_anchor_count": 0,
    "cutout_overlay_count": 0,
    "diagnostic_penalty": 0.0,
    "editability_score": 1.0,
    "fragmentation_penalty": 0.0,
    "generic_path_count": 0,
    "group_count": 1,
    "negative_mask_candidate_count": 0,
    "node_count": 3,
    "parameter_count": 7,
    "raster_alpha_error": 0.0,
    "raster_edge_error": 0.014801,
    "raster_l1_error": 0.011523,
    "raster_size_match": true,
    "reserved_simple_shape_area": 600.321112,
    "reserved_simple_shape_area_ratio": 0.146563,
    "reserved_simple_shape_count": 1,
    "shape_count": 1,
    "simple_shape_count": 1,
    "simple_shape_ratio": 1.0,
    "svg_alpha_error": 0.0,
    "svg_raster_edge_error": 0.014251,
    "svg_raster_l1_error": 0.01182,
    "svg_render_size_match": true,
    "svg_vs_preview_edge_error": 0.009213,
    "svg_vs_preview_l1_error": 0.006756
  },
  "schema_version": 1,
  "width": 64
}