{
  "anchor_count": 1,
  "anchors": [
    {
      "arc": {
        "cx": 39.44953388480713,
        "cy": 33.78164276131567,
        "large_arc": false,
        "r": 11.072325847716526,
        "sweep": true,
        "theta_end": -0.2834167748156755,
        "theta_start": -2.8814280666853347
      },
      "color": "#003366",
      "confidence": 0.977619,
      "export_policy": {
        "cutout_strategy": null,
        "debug_label": "anchor-0000:arc:0.977619",
        "editable": true,
        "mask_eligible": false
      },
      "id": "anchor-0000",
      "kind": "arc",
      "layer": "strokes",
      "metrics": {
        "arc_angular_span": 2.598011291869659,
        "arc_bow_ratio": 0.37971009724519167,
        "arc_center_x": 39.44953388480713,
        "arc_center_y": 33.78164276131567,
        "arc_fit_residual_error": 0.020346156959641534,
        "arc_large_arc": 0.0,
        "arc_radius": 11.072325847716526,
        "arc_sweep": 1.0,
        "arc_theta_end": -0.2834167748156755,
        "arc_theta_start": -2.8814280666853347,
        "semantic_anchor_score": -0.09430768608071693,
        "simple_shape_priority_bonus": 0.25,
        "stroke_width_variance": 0.0
      },
      "node_count": 3,
      "parameter_count": 7,
      "provenance": {
        "fitting": "primitive_fit",
        "source": "primitive_anchor_detection"
      },
      "raster_error": 0.020346156959641534,
      "reserved": {
        "bounds": [
          26.795926471745386,
          20.75617388911706,
          52.03402709067602,
          32.88729336732133
        ],
        "reason": "simple_shape_anchor"
      },
      "source_mask": {
        "bounds": [
          26.795926471745386,
          20.75617388911706,
          52.03402709067602,
          32.88729336732133
        ],
        "bounds_area": 306.166414,
        "id": "mask-0000",
        "source": "reserved_bounds"
      },
      "stroke": {
        "cap_style": "round",
        "centerline": [
          {
            "x": 28.74981778913238,
            "y": 30.933402049934333
          },
          {
            "x": 39.32080888411541,
            "y": 22.710065206504055
          },
          {
            "x": 50.08013577328903,
            "y": 30.685402595143717
          }
        ],
        "is_cutout": false,
        "join_style": "round",
        "width_samples": [
          3.907782634773986
        ]
      }
    }
  ],
  "diagnostics": [],
  "groups": [
    {
      "anchor_indexes": [
        0
      ],
      "kind": "primitive_anchor_reservation",
      "metrics": {
        "reserved_anchor_count": 1,
        "reserved_bounds_area": 306.166414
      }
    }
  ],
  "height": 64,
  "layers": [
    {
      "anchor_count": 1,
      "anchor_indexes": [
        0
      ],
      "name": "strokes"
    }
  ],
  "metrics": {
    "anchor_quality_error_max": 0.020346,
    "anchor_quality_error_mean": 0.020346,
    "anchor_quality_metric_summary": {
      "arc_fit_residual_error": {
        "count": 1,
        "max": 0.020346,
        "mean": 0.020346
      },
      "stroke_width_variance": {
        "count": 1,
        "max": 0.0,
        "mean": 0.0
      }
    },
    "anchor_scoring_summary": {
      "semantic_anchor_score_max": -0.094308,
      "semantic_anchor_score_mean": -0.094308,
      "semantic_anchor_score_min": -0.094308,
      "simple_shape_priority_bonus_mean": 0.25,
      "simple_shape_priority_bonus_total": 0.25
    },
    "color_fragment_counts": {
      "#003366": 1
    },
    "cutout_anchor_count": 0,
    "cutout_overlay_count": 0,
    "diagnostic_penalty": 0.0,
    "editability_score": 1.0,
    "fragmentation_penalty": 0.0,
    "generic_path_count": 0,
    "group_count": 1,
    "negative_mask_candidate_count": 0,
    "node_count": 3,
    "parameter_count": 7,
    "raster_alpha_error": 0.0,
    "raster_edge_error": 0.008881,
    "raster_l1_error": 0.006641,
    "raster_size_match": true,
    "reserved_simple_shape_area": 306.166414,
    "reserved_simple_shape_area_ratio": 0.074748,
    "reserved_simple_shape_count": 1,
    "shape_count": 1,
    "simple_shape_count": 1,
    "simple_shape_ratio": 1.0,
    "svg_alpha_error": 0.0,
    "svg_raster_edge_error": 0.009986,
    "svg_raster_l1_error": 0.008055,
    "svg_render_size_match": true,
    "svg_vs_preview_edge_error": 0.00613,
    "svg_vs_preview_l1_error": 0.004691
  },
  "schema_version": 1,
  "width": 64
}