{
  "anchor_count": 1,
  "anchors": [
    {
      "arc": {
        "cx": 38.63273417203239,
        "cy": 29.40815159560495,
        "large_arc": false,
        "r": 17.946354068819005,
        "sweep": false,
        "theta_end": 2.105026444540556,
        "theta_start": 4.153666492109698
      },
      "color": "#003366",
      "confidence": 0.978166,
      "export_policy": {
        "cutout_strategy": null,
        "debug_label": "anchor-0000:arc:0.978166",
        "editable": true,
        "mask_eligible": false
      },
      "id": "anchor-0000",
      "kind": "arc",
      "layer": "strokes",
      "metrics": {
        "arc_angular_span": 2.0486400475691426,
        "arc_bow_ratio": 0.2810989958206131,
        "arc_center_x": 38.63273417203239,
        "arc_center_y": 29.40815159560495,
        "arc_fit_residual_error": 0.01984875350688819,
        "arc_large_arc": 0.0,
        "arc_radius": 17.946354068819005,
        "arc_sweep": 0.0,
        "arc_theta_end": 2.105026444540556,
        "arc_theta_start": 4.153666492109698,
        "semantic_anchor_score": -0.09530249298622362,
        "simple_shape_priority_bonus": 0.25,
        "stroke_width_variance": 0.0
      },
      "node_count": 3,
      "parameter_count": 7,
      "provenance": {
        "fitting": "primitive_fit",
        "source": "primitive_anchor_detection"
      },
      "raster_error": 0.01984875350688819,
      "reserved": {
        "bounds": [
          18.725788628466276,
          12.228908306143879,
          31.45677219680916,
          46.815813850837245
        ],
        "reason": "simple_shape_anchor"
      },
      "source_mask": {
        "bounds": [
          18.725788628466276,
          12.228908306143879,
          31.45677219680916,
          46.815813850837245
        ],
        "bounds_area": 440.325326,
        "id": "mask-0000",
        "source": "reserved_bounds"
      },
      "stroke": {
        "cap_style": "round",
        "centerline": [
          {
            "x": 29.1193111062697,
            "y": 14.190845462940377
          },
          {
            "x": 20.687725785262774,
            "y": 29.627920479172314
          },
          {
            "x": 29.49483504001266,
            "y": 44.85387669404074
          }
        ],
        "is_cutout": false,
        "join_style": "round",
        "width_samples": [
          3.9238743135929983
        ]
      }
    }
  ],
  "diagnostics": [],
  "groups": [
    {
      "anchor_indexes": [
        0
      ],
      "kind": "primitive_anchor_reservation",
      "metrics": {
        "reserved_anchor_count": 1,
        "reserved_bounds_area": 440.325326
      }
    }
  ],
  "height": 64,
  "layers": [
    {
      "anchor_count": 1,
      "anchor_indexes": [
        0
      ],
      "name": "strokes"
    }
  ],
  "metrics": {
    "anchor_quality_error_max": 0.019849,
    "anchor_quality_error_mean": 0.019849,
    "anchor_quality_metric_summary": {
      "arc_fit_residual_error": {
        "count": 1,
        "max": 0.019849,
        "mean": 0.019849
      },
      "stroke_width_variance": {
        "count": 1,
        "max": 0.0,
        "mean": 0.0
      }
    },
    "anchor_scoring_summary": {
      "semantic_anchor_score_max": -0.095302,
      "semantic_anchor_score_mean": -0.095302,
      "semantic_anchor_score_min": -0.095302,
      "simple_shape_priority_bonus_mean": 0.25,
      "simple_shape_priority_bonus_total": 0.25
    },
    "color_fragment_counts": {
      "#003366": 1
    },
    "cutout_anchor_count": 0,
    "cutout_overlay_count": 0,
    "diagnostic_penalty": 0.0,
    "editability_score": 1.0,
    "fragmentation_penalty": 0.0,
    "generic_path_count": 0,
    "group_count": 1,
    "negative_mask_candidate_count": 0,
    "node_count": 3,
    "parameter_count": 7,
    "raster_alpha_error": 0.0,
    "raster_edge_error": 0.010784,
    "raster_l1_error": 0.007617,
    "raster_size_match": true,
    "reserved_simple_shape_area": 440.325326,
    "reserved_simple_shape_area_ratio": 0.107501,
    "reserved_simple_shape_count": 1,
    "shape_count": 1,
    "simple_shape_count": 1,
    "simple_shape_ratio": 1.0,
    "svg_alpha_error": 0.0,
    "svg_raster_edge_error": 0.01216,
    "svg_raster_l1_error": 0.009484,
    "svg_render_size_match": true,
    "svg_vs_preview_edge_error": 0.007132,
    "svg_vs_preview_l1_error": 0.005314
  },
  "schema_version": 1,
  "width": 64
}