{
  "anchor_count": 1,
  "anchors": [
    {
      "arc": {
        "cx": 27.44851886454832,
        "cy": 39.94695339824141,
        "large_arc": false,
        "r": 18.300829508508077,
        "sweep": true,
        "theta_end": -0.4955613444091638,
        "theta_start": -2.643416467384106
      },
      "color": "#003366",
      "confidence": 0.977472,
      "export_policy": {
        "cutout_strategy": null,
        "debug_label": "anchor-0000:arc:0.977472",
        "editable": true,
        "mask_eligible": false
      },
      "id": "anchor-0000",
      "kind": "arc",
      "layer": "strokes",
      "metrics": {
        "arc_angular_span": 2.147855122974942,
        "arc_bow_ratio": 0.29765496365965305,
        "arc_center_x": 27.44851886454832,
        "arc_center_y": 39.94695339824141,
        "arc_fit_residual_error": 0.020480067642661776,
        "arc_large_arc": 0.0,
        "arc_radius": 18.300829508508077,
        "arc_sweep": 1.0,
        "arc_theta_end": -0.4955613444091638,
        "arc_theta_start": -2.643416467384106,
        "semantic_anchor_score": -0.09403986471467646,
        "simple_shape_priority_bonus": 0.25,
        "stroke_width_variance": 0.0
      },
      "node_count": 3,
      "parameter_count": 7,
      "provenance": {
        "fitting": "primitive_fit",
        "source": "primitive_anchor_detection"
      },
      "raster_error": 0.020480067642661776,
      "reserved": {
        "bounds": [
          9.417635774652359,
          19.691720498619848,
          45.502212658824085,
          33.19886056103584
        ],
        "reason": "simple_shape_anchor"
      },
      "source_mask": {
        "bounds": [
          9.417635774652359,
          19.691720498619848,
          45.502212658824085,
          33.19886056103584
        ],
        "bounds_area": 487.399434,
        "id": "mask-0000",
        "source": "reserved_bounds"
      },
      "stroke": {
        "cap_style": "round",
        "centerline": [
          {
            "x": 11.372054807019637,
            "y": 31.2023742713498
          },
          {
            "x": 27.472445744686702,
            "y": 21.646139530987124
          },
          {
            "x": 43.54779362645681,
            "y": 31.244441528668563
          }
        ],
        "is_cutout": false,
        "join_style": "round",
        "width_samples": [
          3.9088380647345553
        ]
      }
    }
  ],
  "diagnostics": [],
  "groups": [
    {
      "anchor_indexes": [
        0
      ],
      "kind": "primitive_anchor_reservation",
      "metrics": {
        "reserved_anchor_count": 1,
        "reserved_bounds_area": 487.399434
      }
    }
  ],
  "height": 64,
  "layers": [
    {
      "anchor_count": 1,
      "anchor_indexes": [
        0
      ],
      "name": "strokes"
    }
  ],
  "metrics": {
    "anchor_quality_error_max": 0.02048,
    "anchor_quality_error_mean": 0.02048,
    "anchor_quality_metric_summary": {
      "arc_fit_residual_error": {
        "count": 1,
        "max": 0.02048,
        "mean": 0.02048
      },
      "stroke_width_variance": {
        "count": 1,
        "max": 0.0,
        "mean": 0.0
      }
    },
    "anchor_scoring_summary": {
      "semantic_anchor_score_max": -0.09404,
      "semantic_anchor_score_mean": -0.09404,
      "semantic_anchor_score_min": -0.09404,
      "simple_shape_priority_bonus_mean": 0.25,
      "simple_shape_priority_bonus_total": 0.25
    },
    "color_fragment_counts": {
      "#003366": 1
    },
    "cutout_anchor_count": 0,
    "cutout_overlay_count": 0,
    "diagnostic_penalty": 0.0,
    "editability_score": 1.0,
    "fragmentation_penalty": 0.0,
    "generic_path_count": 0,
    "group_count": 1,
    "negative_mask_candidate_count": 0,
    "node_count": 3,
    "parameter_count": 7,
    "raster_alpha_error": 0.0,
    "raster_edge_error": 0.012264,
    "raster_l1_error": 0.008594,
    "raster_size_match": true,
    "reserved_simple_shape_area": 487.399434,
    "reserved_simple_shape_area_ratio": 0.118994,
    "reserved_simple_shape_count": 1,
    "shape_count": 1,
    "simple_shape_count": 1,
    "simple_shape_ratio": 1.0,
    "svg_alpha_error": 0.0,
    "svg_raster_edge_error": 0.01298,
    "svg_raster_l1_error": 0.01031,
    "svg_render_size_match": true,
    "svg_vs_preview_edge_error": 0.007581,
    "svg_vs_preview_l1_error": 0.005656
  },
  "schema_version": 1,
  "width": 64
}