{
  "anchor_count": 2,
  "anchors": [
    {
      "arc": {
        "cx": 31.49999999999918,
        "cy": 37.08438757938889,
        "large_arc": false,
        "r": 21.648222855864187,
        "sweep": true,
        "theta_end": -0.45646037802478956,
        "theta_start": -2.6851322755649685
      },
      "color": "#003366",
      "confidence": 0.978857,
      "export_policy": {
        "cutout_strategy": null,
        "debug_label": "anchor-0000:arc:0.978857",
        "editable": true,
        "mask_eligible": false
      },
      "id": "anchor-0000",
      "kind": "arc",
      "layer": "strokes",
      "metrics": {
        "arc_angular_span": 2.228671897540179,
        "arc_bow_ratio": 0.3115056595858342,
        "arc_center_x": 31.49999999999918,
        "arc_center_y": 37.08438757938889,
        "arc_fit_residual_error": 0.01922126548294735,
        "arc_large_arc": 0.0,
        "arc_radius": 21.648222855864187,
        "arc_sweep": 1.0,
        "arc_theta_end": -0.45646037802478956,
        "arc_theta_start": -2.6851322755649685,
        "semantic_anchor_score": -0.09655746903410528,
        "simple_shape_priority_bonus": 0.25,
        "stroke_width_variance": 0.0
      },
      "node_count": 3,
      "parameter_count": 7,
      "provenance": {
        "fitting": "primitive_fit",
        "source": "primitive_anchor_detection"
      },
      "raster_error": 0.01922126548294735,
      "reserved": {
        "bounds": [
          10.08566690115649,
          13.453672393948409,
          52.914333098842214,
          29.52491380469591
        ],
        "reason": "simple_shape_anchor"
      },
      "source_mask": {
        "bounds": [
          10.08566690115649,
          13.453672393948409,
          52.914333098842214,
          29.52491380469591
        ],
        "bounds_area": 688.309834,
        "id": "mask-0000",
        "source": "reserved_bounds"
      },
      "stroke": {
        "cap_style": "round",
        "centerline": [
          {
            "x": 12.068159230732782,
            "y": 27.542421475118932
          },
          {
            "x": 31.49999999999956,
            "y": 15.436164723524701
          },
          {
            "x": 50.93184076926592,
            "y": 27.542421475119617
          }
        ],
        "is_cutout": false,
        "join_style": "round",
        "width_samples": [
          3.964984659152586
        ]
      }
    },
    {
      "arc": {
        "cx": 31.49999999998796,
        "cy": 37.13571791261684,
        "large_arc": false,
        "r": 12.623086142199883,
        "sweep": true,
        "theta_end": -0.4549025517977583,
        "theta_start": -2.6866901017911298
      },
      "color": "#003366",
      "confidence": 0.97809,
      "export_policy": {
        "cutout_strategy": null,
        "debug_label": "anchor-0001:arc:0.97809",
        "editable": true,
        "mask_eligible": false
      },
      "id": "anchor-0001",
      "kind": "arc",
      "layer": "strokes",
      "metrics": {
        "arc_angular_span": 2.2317875499933715,
        "arc_bow_ratio": 0.3120465436042678,
        "arc_center_x": 31.49999999998796,
        "arc_center_y": 37.13571791261684,
        "arc_fit_residual_error": 0.019918603858010288,
        "arc_large_arc": 0.0,
        "arc_radius": 12.623086142199883,
        "arc_sweep": 1.0,
        "arc_theta_end": -0.4549025517977583,
        "arc_theta_start": -2.6866901017911298,
        "semantic_anchor_score": -0.09516279228397942,
        "simple_shape_priority_bonus": 0.25,
        "stroke_width_variance": 0.0
      },
      "node_count": 3,
      "parameter_count": 7,
      "provenance": {
        "fitting": "primitive_fit",
        "source": "primitive_anchor_detection"
      },
      "raster_error": 0.019918603858010288,
      "reserved": {
        "bounds": [
          18.184671975179977,
          22.536670609940874,
          44.81532802480097,
          33.56541340425081
        ],
        "reason": "simple_shape_anchor"
      },
      "source_mask": {
        "bounds": [
          18.184671975179977,
          22.536670609940874,
          44.81532802480097,
          33.56541340425081
        ],
        "bounds_area": 293.702656,
        "id": "mask-0001",
        "source": "reserved_bounds"
      },
      "stroke": {
        "cap_style": "round",
        "centerline": [
          {
            "x": 20.160633135656063,
            "y": 31.589452243764462
          },
          {
            "x": 31.499999999993673,
            "y": 24.51263177041696
          },
          {
            "x": 42.83936686432488,
            "y": 31.589452243774726
          }
        ],
        "is_cutout": false,
        "join_style": "round",
        "width_samples": [
          3.951922320952173
        ]
      }
    }
  ],
  "diagnostics": [],
  "groups": [
    {
      "anchor_indexes": [
        0,
        1
      ],
      "color": "#003366",
      "id": "auto-003366-horizontal",
      "kind": "parallel_stroke_group",
      "metrics": {
        "parallel_spacing_error": 0.0
      },
      "orientation": "horizontal"
    },
    {
      "anchor_indexes": [
        0,
        1
      ],
      "color": "#003366",
      "id": "color-003366",
      "kind": "same_color_fragment_group",
      "merge_plan": {
        "action": "merge_adjacent_fragments",
        "auto_merge_allowed": true,
        "bounds": [
          10.08566690115649,
          13.453672393948409,
          52.914333098842214,
          33.56541340425081
        ],
        "bounds_fill_ratio": 1.0,
        "combined_bounds_area": 861.359042,
        "decision_reason": "compact_same_color_bounds",
        "fragment_bounds": [
          [
            10.08566690115649,
            13.453672393948409,
            52.914333098842214,
            29.52491380469591
          ],
          [
            18.184671975179977,
            22.536670609940874,
            44.81532802480097,
            33.56541340425081
          ]
        ],
        "fragment_bounds_area": 982.01249,
        "target_kind": "compound_shape"
      },
      "metrics": {
        "bounds_fill_ratio": 1.0,
        "combined_bounds_area": 861.359042,
        "fragment_bounds_area": 982.01249,
        "fragment_count": 2,
        "generic_path_count": 0,
        "merge_candidate": true
      }
    },
    {
      "anchor_indexes": [
        0,
        1
      ],
      "kind": "primitive_anchor_reservation",
      "metrics": {
        "reserved_anchor_count": 2,
        "reserved_bounds_area": 982.01249
      }
    }
  ],
  "height": 64,
  "layers": [
    {
      "anchor_count": 2,
      "anchor_indexes": [
        0,
        1
      ],
      "name": "strokes"
    }
  ],
  "metrics": {
    "anchor_quality_error_max": 0.019919,
    "anchor_quality_error_mean": 0.01957,
    "anchor_quality_metric_summary": {
      "arc_fit_residual_error": {
        "count": 2,
        "max": 0.019919,
        "mean": 0.01957
      },
      "stroke_width_variance": {
        "count": 2,
        "max": 0.0,
        "mean": 0.0
      }
    },
    "anchor_scoring_summary": {
      "semantic_anchor_score_max": -0.095163,
      "semantic_anchor_score_mean": -0.09586,
      "semantic_anchor_score_min": -0.096557,
      "simple_shape_priority_bonus_mean": 0.25,
      "simple_shape_priority_bonus_total": 0.5
    },
    "color_fragment_counts": {
      "#003366": 2
    },
    "cutout_anchor_count": 0,
    "cutout_overlay_count": 0,
    "diagnostic_penalty": 0.0,
    "editability_score": 0.75,
    "fragmentation_penalty": 0.25,
    "generic_path_count": 0,
    "group_count": 3,
    "negative_mask_candidate_count": 0,
    "node_count": 6,
    "parameter_count": 14,
    "raster_alpha_error": 0.0,
    "raster_edge_error": 0.022413,
    "raster_l1_error": 0.015625,
    "raster_size_match": true,
    "reserved_simple_shape_area": 982.01249,
    "reserved_simple_shape_area_ratio": 0.239749,
    "reserved_simple_shape_count": 2,
    "shape_count": 2,