{
  "anchor_count": 1,
  "anchors": [
    {
      "arc": {
        "cx": 31.47474129824464,
        "cy": 35.31165158154532,
        "large_arc": false,
        "r": 16.921658686556583,
        "sweep": true,
        "theta_end": -0.18676232695751094,
        "theta_start": -2.8829628120609376
      },
      "color": "#002a5f",
      "confidence": 0.979053,
      "export_policy": {
        "cutout_strategy": null,
        "debug_label": "anchor-0000:arc:0.979053",
        "editable": true,
        "mask_eligible": false
      },
      "id": "anchor-0000",
      "kind": "arc",
      "layer": "strokes",
      "metrics": {
        "arc_angular_span": 2.6962004851034265,
        "arc_bow_ratio": 0.39943383962518286,
        "arc_center_x": 31.47474129824464,
        "arc_center_y": 35.31165158154532,
        "arc_fit_residual_error": 0.01904309365142956,
        "arc_large_arc": 0.0,
        "arc_radius": 16.921658686556583,
        "arc_sweep": 1.0,
        "arc_theta_end": -0.18676232695751094,
        "arc_theta_start": -2.8829628120609376,
        "semantic_anchor_score": -0.09691381269714089,
        "simple_shape_priority_bonus": 0.25,
        "stroke_width_variance": 0.0
      },
      "node_count": 3,
      "parameter_count": 7,
      "provenance": {
        "fitting": "primitive_fit",
        "source": "primitive_anchor_detection"
      },
      "raster_error": 0.01904309365142956,
      "reserved": {
        "bounds": [
          13.103165030265048,
          16.388206889634766,
          50.11485140309168,
          34.18237309279794
        ],
        "reason": "simple_shape_anchor"
      },
      "source_mask": {
        "bounds": [
          13.103165030265048,
          16.388206889634766,
          50.11485140309168,
          34.18237309279794
        ],
        "bounds_area": 658.592099,
        "id": "mask-0000",
        "source": "reserved_bounds"
      },
      "stroke": {
        "cap_style": "round",
        "centerline": [
          {
            "x": 15.115874778354776,
            "y": 30.983832397621125
          },
          {
            "x": 32.08266922501973,
            "y": 18.400916637724492
          },
          {
            "x": 48.10214165500195,
            "y": 32.16966334470821
          }
        ],
        "is_cutout": false,
        "join_style": "round",
        "width_samples": [
          4.025419496179456
        ]
      }
    }
  ],
  "diagnostics": [
    {
      "code": "palette_quantized",
      "level": "info",
      "max_colors": 2
    }
  ],
  "groups": [
    {
      "anchor_indexes": [
        0
      ],
      "kind": "primitive_anchor_reservation",
      "metrics": {
        "reserved_anchor_count": 1,
        "reserved_bounds_area": 658.592099
      }
    }
  ],
  "height": 64,
  "layers": [
    {
      "anchor_count": 1,
      "anchor_indexes": [
        0
      ],
      "name": "strokes"
    }
  ],
  "metrics": {
    "anchor_quality_error_max": 0.019043,
    "anchor_quality_error_mean": 0.019043,
    "anchor_quality_metric_summary": {
      "arc_fit_residual_error": {
        "count": 1,
        "max": 0.019043,
        "mean": 0.019043
      },
      "stroke_width_variance": {
        "count": 1,
        "max": 0.0,
        "mean": 0.0
      }
    },
    "anchor_scoring_summary": {
      "semantic_anchor_score_max": -0.096914,
      "semantic_anchor_score_mean": -0.096914,
      "semantic_anchor_score_min": -0.096914,
      "simple_shape_priority_bonus_mean": 0.25,
      "simple_shape_priority_bonus_total": 0.25
    },
    "color_fragment_counts": {
      "#002a5f": 1
    },
    "cutout_anchor_count": 0,
    "cutout_overlay_count": 0,
    "diagnostic_penalty": 0.0,
    "editability_score": 1.0,
    "fragmentation_penalty": 0.0,
    "generic_path_count": 0,
    "group_count": 1,
    "negative_mask_candidate_count": 0,
    "node_count": 3,
    "parameter_count": 7,
    "raster_alpha_error": 0.0,
    "raster_edge_error": 0.016588,
    "raster_l1_error": 0.013844,
    "raster_size_match": true,
    "reserved_simple_shape_area": 658.592099,
    "reserved_simple_shape_area_ratio": 0.160789,
    "reserved_simple_shape_count": 1,
    "shape_count": 1,
    "simple_shape_count": 1,
    "simple_shape_ratio": 1.0,
    "svg_alpha_error": 0.0,
    "svg_raster_edge_error": 0.013719,
    "svg_raster_l1_error": 0.013359,
    "svg_render_size_match": true,
    "svg_vs_preview_edge_error": 0.010128,
    "svg_vs_preview_l1_error": 0.007375
  },
  "schema_version": 1,
  "width": 64
}