{
  "anchor_count": 1,
  "anchors": [
    {
      "arc": {
        "cx": 31.30700056374949,
        "cy": 41.61224808430451,
        "large_arc": false,
        "r": 20.253526337513033,
        "sweep": true,
        "theta_end": -0.5123765028286791,
        "theta_start": -2.6392495537929954
      },
      "color": "#003366",
      "confidence": 0.97526,
      "export_policy": {
        "cutout_strategy": null,
        "debug_label": "anchor-0000:arc:0.97526",
        "editable": true,
        "mask_eligible": false
      },
      "id": "anchor-0000",
      "kind": "arc",
      "layer": "strokes",
      "metrics": {
        "arc_angular_span": 2.126873050964316,
        "arc_bow_ratio": 0.29411374057147727,
        "arc_center_x": 31.30700056374949,
        "arc_center_y": 41.61224808430451,
        "arc_fit_residual_error": 0.022490976222736693,
        "arc_large_arc": 0.0,
        "arc_radius": 20.253526337513033,
        "arc_sweep": 1.0,
        "arc_theta_end": -0.5123765028286791,
        "arc_theta_start": -2.6392495537929954,
        "semantic_anchor_score": -0.09001804755452661,
        "simple_shape_priority_bonus": 0.25,
        "stroke_width_variance": 0.0
      },
      "node_count": 3,
      "parameter_count": 7,
      "provenance": {
        "fitting": "primitive_fit",
        "source": "primitive_anchor_detection"
      },
      "raster_error": 0.022490976222736693,
      "reserved": {
        "bounds": [
          10.081544056295638,
          17.88486122800934,
          52.433722701589666,
          35.3346857981441
        ],
        "reason": "simple_shape_anchor"
      },
      "source_mask": {
        "bounds": [
          10.081544056295638,
          17.88486122800934,
          52.433722701589666,
          35.3346857981441
        ],
        "bounds_area": 739.038088,
        "id": "mask-0000",
        "source": "reserved_bounds"
      },
      "stroke": {
        "cap_style": "round",
        "centerline": [
          {
            "x": 13.55565943777021,
            "y": 31.860570416669532
          },
          {
            "x": 31.20539509365932,
            "y": 21.35897660948391
          },
          {
            "x": 48.9596073201151,
            "y": 31.68295788764647
          }
        ],
        "is_cutout": false,
        "join_style": "round",
        "width_samples": [
          6.948230762949143
        ]
      }
    }
  ],
  "diagnostics": [],
  "groups": [
    {
      "anchor_indexes": [
        0
      ],
      "kind": "primitive_anchor_reservation",
      "metrics": {
        "reserved_anchor_count": 1,
        "reserved_bounds_area": 739.038088
      }
    }
  ],
  "height": 64,
  "layers": [
    {
      "anchor_count": 1,
      "anchor_indexes": [
        0
      ],
      "name": "strokes"
    }
  ],
  "metrics": {
    "anchor_quality_error_max": 0.022491,
    "anchor_quality_error_mean": 0.022491,
    "anchor_quality_metric_summary": {
      "arc_fit_residual_error": {
        "count": 1,
        "max": 0.022491,
        "mean": 0.022491
      },
      "stroke_width_variance": {
        "count": 1,
        "max": 0.0,
        "mean": 0.0
      }
    },
    "anchor_scoring_summary": {
      "semantic_anchor_score_max": -0.090018,
      "semantic_anchor_score_mean": -0.090018,
      "semantic_anchor_score_min": -0.090018,
      "simple_shape_priority_bonus_mean": 0.25,
      "simple_shape_priority_bonus_total": 0.25
    },
    "color_fragment_counts": {
      "#003366": 1
    },
    "cutout_anchor_count": 0,
    "cutout_overlay_count": 0,
    "diagnostic_penalty": 0.0,
    "editability_score": 1.0,
    "fragmentation_penalty": 0.0,
    "generic_path_count": 0,
    "group_count": 1,
    "negative_mask_candidate_count": 0,
    "node_count": 3,
    "parameter_count": 7,
    "raster_alpha_error": 0.0,
    "raster_edge_error": 0.019453,
    "raster_l1_error": 0.014453,
    "raster_size_match": true,
    "reserved_simple_shape_area": 739.038088,
    "reserved_simple_shape_area_ratio": 0.180429,
    "reserved_simple_shape_count": 1,
    "shape_count": 1,
    "simple_shape_count": 1,
    "simple_shape_ratio": 1.0,
    "svg_alpha_error": 0.0,
    "svg_raster_edge_error": 0.018793,
    "svg_raster_l1_error": 0.015262,
    "svg_render_size_match": true,
    "svg_vs_preview_edge_error": 0.011108,
    "svg_vs_preview_l1_error": 0.00757
  },
  "schema_version": 1,
  "width": 64
}