{
  "anchor_count": 1,
  "anchors": [
    {
      "arc": {
        "cx": 31.454538399863424,
        "cy": 38.52065115325432,
        "large_arc": false,
        "r": 18.37160657001279,
        "sweep": true,
        "theta_end": -0.4981251795167423,
        "theta_start": -2.6418093555026383
      },
      "color": "#003366",
      "confidence": 0.975381,
      "export_policy": {
        "cutout_strategy": null,
        "debug_label": "anchor-0000:arc:0.975381",
        "editable": true,
        "mask_eligible": false
      },
      "id": "anchor-0000",
      "kind": "arc",
      "layer": "strokes",
      "metrics": {
        "arc_angular_span": 2.143684175985896,
        "arc_bow_ratio": 0.2969492633185702,
        "arc_center_x": 31.454538399863424,
        "arc_center_y": 38.52065115325432,
        "arc_fit_residual_error": 0.022381360712847992,
        "arc_large_arc": 0.0,
        "arc_radius": 18.37160657001279,
        "arc_sweep": 1.0,
        "arc_theta_end": -0.4981251795167423,
        "arc_theta_start": -2.6418093555026383,
        "semantic_anchor_score": -0.09023727857430403,
        "simple_shape_priority_bonus": 0.25,
        "stroke_width_variance": 0.0
      },
      "node_count": 3,
      "parameter_count": 7,
      "provenance": {
        "fitting": "primitive_fit",
        "source": "primitive_anchor_detection"
      },
      "raster_error": 0.022381360712847992,
      "reserved": {
        "bounds": [
          12.111925023147325,
          16.930947372344246,
          50.811728215955405,
          32.96117974852426
        ],
        "reason": "simple_shape_anchor"
      },
      "source_mask": {
        "bounds": [
          12.111925023147325,
          16.930947372344246,
          50.811728215955405,
          32.96117974852426
        ],
        "bounds_area": 620.366838,
        "id": "mask-0000",
        "source": "reserved_bounds"
      },
      "stroke": {
        "cap_style": "round",
        "centerline": [
          {
            "x": 15.330028547807832,
            "y": 29.716327783778432
          },
          {
            "x": 31.469769549129623,
            "y": 20.149050897004752
          },
          {
            "x": 47.5936246912949,
            "y": 29.743076223863753
          }
        ],
        "is_cutout": false,
        "join_style": "round",
        "width_samples": [
          6.436207049321013
        ]
      }
    }
  ],
  "diagnostics": [
    {
      "code": "palette_quantized",
      "level": "info",
      "max_colors": 2
    }
  ],
  "groups": [
    {
      "anchor_indexes": [
        0
      ],
      "kind": "primitive_anchor_reservation",
      "metrics": {
        "reserved_anchor_count": 1,
        "reserved_bounds_area": 620.366838
      }
    }
  ],
  "height": 64,
  "layers": [
    {
      "anchor_count": 1,
      "anchor_indexes": [
        0
      ],
      "name": "strokes"
    }
  ],
  "metrics": {
    "anchor_quality_error_max": 0.022381,
    "anchor_quality_error_mean": 0.022381,
    "anchor_quality_metric_summary": {
      "arc_fit_residual_error": {
        "count": 1,
        "max": 0.022381,
        "mean": 0.022381
      },
      "stroke_width_variance": {
        "count": 1,
        "max": 0.0,
        "mean": 0.0
      }
    },
    "anchor_scoring_summary": {
      "semantic_anchor_score_max": -0.090237,
      "semantic_anchor_score_mean": -0.090237,
      "semantic_anchor_score_min": -0.090237,
      "simple_shape_priority_bonus_mean": 0.25,
      "simple_shape_priority_bonus_total": 0.25
    },
    "color_fragment_counts": {
      "#003366": 1
    },
    "cutout_anchor_count": 0,
    "cutout_overlay_count": 0,
    "diagnostic_penalty": 0.0,
    "editability_score": 1.0,
    "fragmentation_penalty": 0.0,
    "generic_path_count": 0,
    "group_count": 1,
    "negative_mask_candidate_count": 0,
    "node_count": 3,
    "parameter_count": 7,
    "raster_alpha_error": 0.0,
    "raster_edge_error": 0.015515,
    "raster_l1_error": 0.012888,
    "raster_size_match": true,
    "reserved_simple_shape_area": 620.366838,
    "reserved_simple_shape_area_ratio": 0.151457,
    "reserved_simple_shape_count": 1,
    "shape_count": 1,
    "simple_shape_count": 1,
    "simple_shape_ratio": 1.0,
    "svg_alpha_error": 0.0,
    "svg_raster_edge_error": 0.014993,
    "svg_raster_l1_error": 0.014558,
    "svg_render_size_match": true,
    "svg_vs_preview_edge_error": 0.014304,
    "svg_vs_preview_l1_error": 0.010972
  },
  "schema_version": 1,
  "width": 64
}