{
  "anchor_count": 1,
  "anchors": [
    {
      "arc": {
        "cx": 31.49999999999857,
        "cy": 40.07916867318836,
        "large_arc": false,
        "r": 20.439447288842963,
        "sweep": true,
        "theta_end": -0.49885749134110835,
        "theta_start": -2.64273516224862
      },
      "color": "#002a5f",
      "confidence": 0.979248,
      "export_policy": {
        "cutout_strategy": null,
        "debug_label": "anchor-0000:arc:0.979248",
        "editable": true,
        "mask_eligible": false
      },
      "id": "anchor-0000",
      "kind": "arc",
      "layer": "strokes",
      "metrics": {
        "arc_angular_span": 2.1438776709075116,
        "arc_bow_ratio": 0.2969819822050654,
        "arc_center_x": 31.49999999999857,
        "arc_center_y": 40.07916867318836,
        "arc_fit_residual_error": 0.018865782915467783,
        "arc_large_arc": 0.0,
        "arc_radius": 20.439447288842963,
        "arc_sweep": 1.0,
        "arc_theta_end": -0.49885749134110835,
        "arc_theta_start": -2.64273516224862,
        "semantic_anchor_score": -0.09726843416906444,
        "simple_shape_priority_bonus": 0.25,
        "stroke_width_variance": 0.0
      },
      "node_count": 3,
      "parameter_count": 7,
      "provenance": {
        "fitting": "primitive_fit",
        "source": "primitive_anchor_detection"
      },
      "raster_error": 0.018865782915467783,
      "reserved": {
        "bounds": [
          11.791899685890488,
          17.880107539035812,
          51.208100314107284,
          32.060089407824904
        ],
        "reason": "simple_shape_anchor"
      },
      "source_mask": {
        "bounds": [
          11.791899685890488,
          17.880107539035812,
          51.208100314107284,
          32.060089407824904
        ],
        "bounds_area": 558.92101,
        "id": "mask-0000",
        "source": "reserved_bounds"
      },
      "stroke": {
        "cap_style": "round",
        "centerline": [
          {
            "x": 13.551513531200076,
            "y": 30.30047556251415
          },
          {
            "x": 31.499999999999233,
            "y": 19.6397213843454
          },
          {
            "x": 49.4484864687977,
            "y": 30.300475562515317
          }
        ],
        "is_cutout": false,
        "join_style": "round",
        "width_samples": [
          3.519227690619177
        ]
      }
    }
  ],
  "diagnostics": [
    {
      "code": "palette_quantized",
      "level": "info",
      "max_colors": 2,
      "palette": [
        "#043164"
      ]
    }
  ],
  "groups": [
    {
      "anchor_indexes": [
        0
      ],
      "kind": "primitive_anchor_reservation",
      "metrics": {
        "reserved_anchor_count": 1,
        "reserved_bounds_area": 558.92101
      }
    }
  ],
  "height": 64,
  "layers": [
    {
      "anchor_count": 1,
      "anchor_indexes": [
        0
      ],
      "name": "strokes"
    }
  ],
  "metrics": {
    "anchor_quality_error_max": 0.018866,
    "anchor_quality_error_mean": 0.018866,
    "anchor_quality_metric_summary": {
      "arc_fit_residual_error": {
        "count": 1,
        "max": 0.018866,
        "mean": 0.018866
      },
      "stroke_width_variance": {
        "count": 1,
        "max": 0.0,
        "mean": 0.0
      }
    },
    "anchor_scoring_summary": {
      "semantic_anchor_score_max": -0.097268,
      "semantic_anchor_score_mean": -0.097268,
      "semantic_anchor_score_min": -0.097268,
      "simple_shape_priority_bonus_mean": 0.25,
      "simple_shape_priority_bonus_total": 0.25
    },
    "color_fragment_counts": {
      "#002a5f": 1
    },
    "cutout_anchor_count": 0,
    "cutout_overlay_count": 0,
    "diagnostic_penalty": 0.0,
    "editability_score": 1.0,
    "fragmentation_penalty": 0.0,
    "generic_path_count": 0,
    "group_count": 1,
    "negative_mask_candidate_count": 0,
    "node_count": 3,
    "parameter_count": 7,
    "raster_alpha_error": 0.0,
    "raster_edge_error": 0.015775,
    "raster_l1_error": 0.013211,
    "raster_size_match": true,
    "reserved_simple_shape_area": 558.92101,
    "reserved_simple_shape_area_ratio": 0.136455,
    "reserved_simple_shape_count": 1,
    "shape_count": 1,
    "simple_shape_count": 1,
    "simple_shape_ratio": 1.0,
    "svg_alpha_error": 0.0,
    "svg_raster_edge_error": 0.010344,
    "svg_raster_l1_error": 0.009112,
    "svg_render_size_match": true,
    "svg_vs_preview_edge_error": 0.01045,
    "svg_vs_preview_l1_error": 0.00786
  },
  "schema_version": 1,
  "width": 64
}