{
  "anchor_count": 1,
  "anchors": [
    {
      "arc": {
        "cx": 31.463782547858298,
        "cy": 39.29348806655899,
        "large_arc": false,
        "r": 19.831373628737236,
        "sweep": true,
        "theta_end": -0.4417619971356781,
        "theta_start": -2.6982288206352782
      },
      "color": "#002a5f",
      "confidence": 0.978689,
      "export_policy": {
        "cutout_strategy": null,
        "debug_label": "anchor-0000:arc:0.978689",
        "editable": true,
        "mask_eligible": false
      },
      "id": "anchor-0000",
      "kind": "arc",
      "layer": "strokes",
      "metrics": {
        "arc_angular_span": 2.2564668234996,
        "arc_bow_ratio": 0.31634962459323335,
        "arc_center_x": 31.463782547858298,
        "arc_center_y": 39.29348806655899,
        "arc_fit_residual_error": 0.019374045064944306,
        "arc_large_arc": 0.0,
        "arc_radius": 19.831373628737236,
        "arc_sweep": 1.0,
        "arc_theta_end": -0.4417619971356781,
        "arc_theta_start": -2.6982288206352782,
        "semantic_anchor_score": -0.0962519098701114,
        "simple_shape_priority_bonus": 0.25,
        "stroke_width_variance": 0.0
      },
      "node_count": 3,
      "parameter_count": 7,
      "provenance": {
        "fitting": "primitive_fit",
        "source": "primitive_anchor_detection"
      },
      "raster_error": 0.019374045064944306,
      "reserved": {
        "bounds": [
          11.58477239455275,
          17.497063282352816,
          51.356396966222476,
          32.77997945870489
        ],
        "reason": "simple_shape_anchor"
      },
      "source_mask": {
        "bounds": [
          11.58477239455275,
          17.497063282352816,
          51.356396966222476,
          32.77997945870489
        ],
        "bounds_area": 607.826405,
        "id": "mask-0000",
        "source": "reserved_bounds"
      },
      "stroke": {
        "cap_style": "round",
        "centerline": [
          {
            "x": 13.549829910631992,
            "y": 30.786215829596824
          },
          {
            "x": 31.479665848467814,
            "y": 19.462120798432057
          },
          {
            "x": 49.391339450143235,
            "y": 30.81492194262564
          }
        ],
        "is_cutout": false,
        "join_style": "round",
        "width_samples": [
          3.930115032158483
        ]
      }
    }
  ],
  "diagnostics": [
    {
      "code": "palette_quantized",
      "level": "info",
      "max_colors": 2
    }
  ],
  "groups": [
    {
      "anchor_indexes": [
        0
      ],
      "kind": "primitive_anchor_reservation",
      "metrics": {
        "reserved_anchor_count": 1,
        "reserved_bounds_area": 607.826405
      }
    }
  ],
  "height": 64,
  "layers": [
    {
      "anchor_count": 1,
      "anchor_indexes": [
        0
      ],
      "name": "strokes"
    }
  ],
  "metrics": {
    "anchor_quality_error_max": 0.019374,
    "anchor_quality_error_mean": 0.019374,
    "anchor_quality_metric_summary": {
      "arc_fit_residual_error": {
        "count": 1,
        "max": 0.019374,
        "mean": 0.019374
      },
      "stroke_width_variance": {
        "count": 1,
        "max": 0.0,
        "mean": 0.0
      }
    },
    "anchor_scoring_summary": {
      "semantic_anchor_score_max": -0.096252,
      "semantic_anchor_score_mean": -0.096252,
      "semantic_anchor_score_min": -0.096252,
      "simple_shape_priority_bonus_mean": 0.25,
      "simple_shape_priority_bonus_total": 0.25
    },
    "color_fragment_counts": {
      "#002a5f": 1
    },
    "cutout_anchor_count": 0,
    "cutout_overlay_count": 0,
    "diagnostic_penalty": 0.0,
    "editability_score": 1.0,
    "fragmentation_penalty": 0.0,
    "generic_path_count": 0,
    "group_count": 1,
    "negative_mask_candidate_count": 0,
    "node_count": 3,
    "parameter_count": 7,
    "raster_alpha_error": 0.0,
    "raster_edge_error": 0.014908,
    "raster_l1_error": 0.012235,
    "raster_size_match": true,
    "reserved_simple_shape_area": 607.826405,
    "reserved_simple_shape_area_ratio": 0.148395,
    "reserved_simple_shape_count": 1,
    "shape_count": 1,
    "simple_shape_count": 1,
    "simple_shape_ratio": 1.0,
    "svg_alpha_error": 0.0,
    "svg_raster_edge_error": 0.013921,
    "svg_raster_l1_error": 0.01351,
    "svg_render_size_match": true,
    "svg_vs_preview_edge_error": 0.009853,
    "svg_vs_preview_l1_error": 0.007239
  },
  "schema_version": 1,
  "width": 64
}