{
  "anchor_count": 1,
  "anchors": [
    {
      "arc": {
        "cx": 29.39618486747904,
        "cy": 20.49850366920535,
        "large_arc": false,
        "r": 17.850724938016004,
        "sweep": false,
        "theta_end": 0.5271852286597336,
        "theta_start": 2.637075737541659
      },
      "color": "#003366",
      "confidence": 0.978359,
      "export_policy": {
        "cutout_strategy": null,
        "debug_label": "anchor-0000:arc:0.978359",
        "editable": true,
        "mask_eligible": false
      },
      "id": "anchor-0000",
      "kind": "arc",
      "layer": "strokes",
      "metrics": {
        "arc_angular_span": 2.1098905088819255,
        "arc_bow_ratio": 0.29126350435889103,
        "arc_center_x": 29.39618486747904,
        "arc_center_y": 20.49850366920535,
        "arc_fit_residual_error": 0.019673857160311045,
        "arc_large_arc": 0.0,
        "arc_radius": 17.850724938016004,
        "arc_sweep": 0.0,
        "arc_theta_end": 0.5271852286597336,
        "arc_theta_start": 2.637075737541659,
        "semantic_anchor_score": -0.09565228567937789,
        "simple_shape_priority_bonus": 0.25,
        "stroke_width_variance": 0.0
      },
      "node_count": 3,
      "parameter_count": 7,
      "provenance": {
        "fitting": "primitive_fit",
        "source": "primitive_anchor_detection"
      },
      "raster_error": 0.019673857160311045,
      "reserved": {
        "bounds": [
          11.806130830896112,
          27.163884244065017,
          46.786641371390665,
          40.31146701919966
        ],
        "reason": "simple_shape_anchor"
      },
      "source_mask": {
        "bounds": [
          11.806130830896112,
          27.163884244065017,
          46.786641371390665,
          40.31146701919966
        ],
        "bounds_area": 459.909158,
        "id": "mask-0000",
        "source": "reserved_bounds"
      },
      "stroke": {
        "cap_style": "round",
        "centerline": [
          {
            "x": 13.769515810323979,
            "y": 29.12726922349288
          },
          {
            "x": 29.193866292669842,
            "y": 38.348082039771796
          },
          {
            "x": 44.8232563919628,
            "y": 29.47925224553064
          }
        ],
        "is_cutout": false,
        "join_style": "round",
        "width_samples": [
          3.9267699588557328
        ]
      }
    }
  ],
  "diagnostics": [],
  "groups": [
    {
      "anchor_indexes": [
        0
      ],
      "kind": "primitive_anchor_reservation",
      "metrics": {
        "reserved_anchor_count": 1,
        "reserved_bounds_area": 459.909158
      }
    }
  ],
  "height": 64,
  "layers": [
    {
      "anchor_count": 1,
      "anchor_indexes": [
        0
      ],
      "name": "strokes"
    }
  ],
  "metrics": {
    "anchor_quality_error_max": 0.019674,
    "anchor_quality_error_mean": 0.019674,
    "anchor_quality_metric_summary": {
      "arc_fit_residual_error": {
        "count": 1,
        "max": 0.019674,
        "mean": 0.019674
      },
      "stroke_width_variance": {
        "count": 1,
        "max": 0.0,
        "mean": 0.0
      }
    },
    "anchor_scoring_summary": {
      "semantic_anchor_score_max": -0.095652,
      "semantic_anchor_score_mean": -0.095652,
      "semantic_anchor_score_min": -0.095652,
      "simple_shape_priority_bonus_mean": 0.25,
      "simple_shape_priority_bonus_total": 0.25
    },
    "color_fragment_counts": {
      "#003366": 1
    },
    "cutout_anchor_count": 0,
    "cutout_overlay_count": 0,
    "diagnostic_penalty": 0.0,
    "editability_score": 1.0,
    "fragmentation_penalty": 0.0,
    "generic_path_count": 0,
    "group_count": 1,
    "negative_mask_candidate_count": 0,
    "node_count": 3,
    "parameter_count": 7,
    "raster_alpha_error": 0.0,
    "raster_edge_error": 0.011418,
    "raster_l1_error": 0.009375,
    "raster_size_match": true,
    "reserved_simple_shape_area": 459.909158,
    "reserved_simple_shape_area_ratio": 0.112283,
    "reserved_simple_shape_count": 1,
    "shape_count": 1,
    "simple_shape_count": 1,
    "simple_shape_ratio": 1.0,
    "svg_alpha_error": 0.0,
    "svg_raster_edge_error": 0.012132,
    "svg_raster_l1_error": 0.010215,
    "svg_render_size_match": true,
    "svg_vs_preview_edge_error": 0.009022,
    "svg_vs_preview_l1_error": 0.006707
  },
  "schema_version": 1,
  "width": 64
}